Price,Year,Kilometer,Engine,Length,Width,Height,Seating Capacity,Fuel Tank Capacity,Max Power_bhp,Max Power_rpm,Max Torque_Nm,Max Torque_rpm,Owner,Petrol,Manual,AWD,FWD,RWD
450000,2014,75000,1248,3995,1695,1555,5,42,74,4000,190,2000,2,0,1,0,1,0
220000,2011,67000,1197,3585,1595,1550,5,35,79,6000,112,4000,1,1,1,0,1,0
799000,2019,37500,1197,3995,1745,1510,5,37,82,6000,113,4200,1,1,1,0,1,0
675000,2017,73315,1373,4490,1730,1485,5,43,91,6000,130,4000,1,1,1,0,1,0
1390000,2017,56000,1798,4670,1814,1476,5,50,177,5100,250,1250,1,1,0,0,1,0
575000,2015,85000,1461,4331,1822,1671,5,50,84,3750,200,1900,1,0,1,0,1,0
591000,2017,20281,1197,3985,1734,1505,5,45,82,6000,115,4000,1,1,1,0,1,0
459999,2018,22541,999,3679,1579,1478,5,28,67,5500,91,4250,1,1,1,0,1,0
1075000,2019,30672,1462,4490,1730,1485,5,43,103,6000,138,4400,1,1,0,0,1,0
944999,2017,41417,1197,3971,1682,1469,5,45,103,5000,175,1500,1,1,0,0,1,0
569000,2016,11471,998,3695,1600,1560,5,35,67,6000,90,3500,1,1,0,0,1,0
449000,2019,3583,796,3445,1515,1475,5,35,47,6000,69,3500,1,1,1,0,1,0
894999,2018,21365,1197,3995,1745,1510,5,37,82,6000,113,4200,1,1,0,0,1,0
699000,2020,30777,1197,3655,1620,1675,5,32,82,6000,113,4200,1,1,0,0,1,0
740000,2016,60125,1591,4270,1780,1630,5,60,122,6400,154,4850,1,1,1,0,1,0
470000,2020,2169,998,3565,1520,1564,5,27,67,5500,90,3500,1,1,0,0,1,0
765000,2015,60240,1197,4384,1699,1466,5,55,103,5000,153,3800,1,1,0,0,1,0
589000,2018,13772,1086,3610,1645,1560,5,35,68,5500,99,4500,1,1,0,0,1,0
999000,2019,27464,998,3995,1770,1605,5,45,118,6000,172,1500,1,1,1,0,1,0
325000,2013,23086,1197,3775,1680,1620,5,43,85,6000,113,4500,1,1,1,0,1,0
1175000,2019,36313,1591,4270,1780,1630,5,60,122,6400,154,4850,1,1,1,0,1,0
351000,2014,39276,1198,3610,1680,1500,5,35,87,6000,109,4500,1,1,1,0,1,0
551000,2015,47752,1197,3985,1734,1505,5,45,82,6000,115,4000,1,1,1,0,1,0
819999,2018,27963,1199,3999,1734,1601,5,40,89,6000,110,4800,1,1,1,0,1,0
990000,2020,24013,998,3995,1770,1605,5,45,118,6000,172,1500,1,1,1,0,1,0
925000,2016,66000,1582,4270,1780,1630,5,60,126,4000,265,1900,1,0,0,0,1,0
535000,2015,28000,999,3999,1765,1708,5,52,124,6000,170,1400,1,1,1,0,1,0
409000,2018,27069,1199,3746,1647,1535,5,35,84,6000,114,3500,1,1,1,0,1,0
490000,2018,43000,1047,3992,1677,1537,5,35,69,4000,140,1800,1,0,1,0,1,0
1125000,2018,60000,1582,4270,1780,1665,5,55,126,4000,260,1500,1,0,1,0,1,0
1095000,2016,45000,1798,4620,1775,1475,5,55,138,6400,173,4000,1,1,0,0,1,0
525000,2015,68397,1197,3985,1734,1505,5,45,82,6000,115,4000,1,1,1,0,1,0
625000,2015,65000,2498,3920,1726,1930,6,60,105,3800,247,1800,2,0,1,1,0,0
605000,2019,27469,1197,3995,1745,1500,5,37,83,6000,115,4000,1,1,1,0,1,0
412000,2016,41058,998,3600,1600,1560,5,35,67,6000,90,3500,1,1,0,0,1,0
625000,2016,51330,1248,4490,1730,1485,5,43,89,4000,200,1750,1,0,1,0,1,0
511000,2015,45969,1373,4490,1730,1485,5,43,91,6000,130,4000,1,1,1,0,1,0
1150000,2017,66602,1582,4270,1780,1630,5,60,126,4000,265,1900,1,0,0,0,1,0
885000,2016,57983,1591,4270,1780,1630,5,60,122,6400,154,4850,1,1,1,0,1,0
470000,2019,11183,999,3679,1579,1478,5,28,67,5500,91,4250,1,1,0,0,1,0
475000,2017,34867,1199,3746,1647,1535,5,35,84,6000,114,3500,2,1,0,0,1,0
865000,2015,43634,2494,4585,1765,1760,7,55,101,3600,200,1200,1,0,1,0,0,1
400000,2014,78000,2179,4430,1817,1975,8,60,120,4000,290,1800,2,0,1,0,0,1
440000,2016,50374,1198,3610,1680,1500,5,35,87,6000,109,4500,1,1,1,0,1,0
645000,2017,64000,1497,4440,1695,1495,5,40,117,6600,145,4600,1,1,1,0,1,0
365000,2013,78000,1199,3970,1682,1453,5,45,74,4200,180,2000,1,0,1,0,1,0
1044999,2021,24000,1462,3995,1790,1640,5,48,103,6000,138,4400,1,1,1,0,1,0
515000,2019,40310,1196,3675,1475,1800,7,40,73,6000,101,3000,2,1,1,0,0,1
455000,2015,69700,1197,3765,1660,1520,5,43,79,6000,112,4000,1,1,0,0,1,0
775000,2021,24000,1197,3845,1735,1530,5,37,89,6000,113,4400,1,1,0,0,1,0
825000,2021,43000,1493,3995,1775,1505,5,37,99,4000,240,1500,1,0,1,0,1,0
865000,2017,49013,1497,4440,1695,1495,5,40,117,6600,145,4600,1,1,0,0,1,0
299000,2013,64983,1399,3795,1680,1427,5,45,68,4000,160,2000,1,0,1,0,1,0
570000,2017,92270,1199,3955,1694,1544,5,40,89,6000,110,4800,1,1,1,0,1,0
385000,2013,65000,1198,3970,1682,1453,5,45,74,5400,110,3750,1,1,1,0,1,0
350000,2014,110000,1498,3990,1680,1505,5,35,99,3600,200,1750,1,0,1,0,1,0
1100000,2011,51500,2143,4596,1770,1447,5,66,207,4200,500,1600,2,0,0,0,0,1
545000,2017,61518,1197,3995,1745,1500,5,37,83,6000,115,4000,1,1,1,0,1,0
615000,2017,36058,1197,3995,1745,1500,5,37,83,6000,115,4000,1,1,1,0,1,0
890000,2016,88000,1582,4270,1780,1630,5,60,126,4000,265,1900,1,0,0,0,1,0
430000,2015,98112,1598,4384,1699,1466,5,55,103,5250,153,3800,1,1,1,0,1,0
691000,2019,16652,1197,3995,1735,1515,5,37,89,6000,113,4400,1,1,1,0,1,0
650000,2016,76584,1461,4331,1822,1671,5,50,108,3900,248,2250,1,0,1,0,1,0
669000,2016,70000,1248,3995,1790,1640,5,48,89,4000,200,1750,1,0,1,0,1,0
525000,2015,68766,1197,3985,1734,1505,5,45,82,6000,115,4000,1,1,1,0,1,0
750000,2018,16339,1591,4375,1700,1475,5,43,121,6300,158,4200,1,1,1,0,1,0
445000,2016,63882,1198,3990,1680,1505,5,35,87,6000,109,4500,1,1,1,0,1,0
493000,2012,28732,1798,4540,1760,1480,5,55,138,6400,173,4000,1,1,1,0,1,0
611000,2017,51349,1197,3985,1734,1505,5,45,82,6000,115,4000,1,1,1,0,1,0
475000,2014,61866,1197,3765,1660,1520,5,43,79,6000,112,4000,1,1,0,0,1,0
925000,2017,29401,1591,4270,1780,1630,5,60,122,6400,154,4850,1,1,1,0,1,0
1325000,2012,98580,1968,4915,1874,1455,5,65,177,3750,380,1750,1,0,0,0,1,0
1299000,2020,31348,1497,3995,1821,1627,5,42,115,3750,300,1500,1,0,1,0,1,0
375000,2011,78000,1497,4420,1695,1480,5,42,118,6600,146,4600,1,1,1,0,1,0
425000,2014,24000,1598,4386,1699,1466,5,55,104,5250,153,3800,2,1,0,0,1,0
250000,2015,62000,796,3395,1490,1475,5,35,47,6000,69,3500,2,1,1,0,1,0
425000,2012,78000,1248,4265,1695,1685,7,45,89,4000,200,1750,2,0,1,0,1,0
235000,2014,82000,1399,3795,1680,1427,5,45,68,4000,160,2000,2,0,1,0,1,0
1245000,2021,10530,998,3995,1775,1505,5,37,118,6000,172,1500,1,1,0,0,1,0
549000,2015,61900,1197,3985,1734,1505,5,45,82,6000,115,4000,1,1,1,0,1,0
484999,2013,78000,1199,3970,1682,1453,5,45,74,4200,180,2000,2,0,1,0,1,0
415000,2014,57402,1197,3995,1695,1555,5,42,85,6000,114,4000,1,1,1,0,1,0
375000,2015,87500,1197,3765,1660,1520,5,43,81,6000,114,4000,1,1,1,0,1,0
1050000,2020,16282,998,3995,1775,1505,5,37,118,6000,172,1500,1,1,0,0,1,0
470000,2013,66000,1582,4370,1700,1475,5,43,126,4000,260,1900,3,0,1,0,1,0
345000,2017,72019,998,3599,1495,1700,5,35,67,6200,90,3500,2,1,1,0,1,0
484999,2018,55221,1197,3765,1660,1520,5,43,81,6000,114,4000,1,1,1,0,1,0
890000,2020,23500,1498,4360,1822,1695,5,50,105,5600,142,4000,1,1,1,0,1,0
325000,2012,68000,1197,3995,1695,1555,5,42,85,6000,114,4000,2,1,1,0,1,0
1390000,2019,29096,1591,4270,1780,1665,5,55,122,6400,151,4850,1,1,0,0,1,0
459999,2016,61223,1197,3765,1660,1520,5,43,81,6000,114,4000,1,1,1,0,1,0
1075000,2017,86000,1956,4395,1818,1640,5,60,171,3750,350,1750,1,0,1,0,1,0
484999,2013,87000,1582,4440,1729,1475,5,45,126,4000,260,1500,1,0,1,0,1,0
385000,2013,79287,1197,3995,1710,1505,5,45,83,6000,113,4000,1,1,1,0,1,0
1050000,2019,17000,1497,4585,1866,1774,8,45,121,3500,300,1750,1,0,1,0,1,0
655000,2016,38779,1197,3995,1745,1500,5,37,83,6000,115,4000,1,1,1,0,1,0
865000,2016,67000,1248,4296,1695,1685,7,45,89,4000,200,1750,1,0,1,0,1,0
699000,2017,67000,1591,4370,1700,1475,5,43,121,6300,158,4200,1,1,1,0,1,0
425000,2012,70000,1582,4370,1700,1475,5,43,126,4000,260,1900,2,0,1,0,1,0
490000,2015,23103,1197,3995,1660,1520,5,43,81,6000,114,4000,1,1,1,0,1,0
1475000,2019,9576,1591,4270,1780,1665,5,55,122,6400,151,4850,1,1,0,0,1,0
245000,2016,55000,796,3395,1490,1475,5,35,47,6000,69,3500,1,1,1,0,1,0
490000,2015,98000,1461,4315,1822,1695,5,50,84,3750,200,1900,2,0,1,0,1,0
550000,2017,61400,1197,3765,1660,1520,5,43,81,6000,114,4000,1,1,1,0,1,0
675000,2016,87693,1497,4440,1695,1495,5,40,117,6600,145,4600,1,1,1,0,1,0
560000,2016,75210,1396,3985,1734,1505,5,40,89,4000,220,1500,1,0,1,0,1,0
225000,2012,69000,1598,4000,1642,1522,5,45,105,5250,153,3800,1,1,1,0,1,0
499000,2014,88000,1498,4386,1699,1466,5,55,103,4400,250,1500,2,0,0,0,1,0
1055000,2020,15000,998,3995,1790,1647,5,45,118,6000,172,1500,1,1,0,0,1,0
1450000,2014,33000,1968,4915,1874,1455,5,65,177,3750,380,1750,2,0,0,0,1,0
600000,2014,83000,2179,4430,1817,1975,8,60,120,4000,290,1800,2,0,1,0,0,1
575000,2015,67000,1197,3985,1734,1505,5,45,82,6000,115,4000,1,1,1,0,1,0
699000,2017,75000,1498,3999,1765,1708,5,52,99,3750,205,1750,1,0,1,0,1,0
430000,2020,5790,998,3565,1520,1564,5,27,67,5500,90,3500,1,1,1,0,1,0
1165000,2018,32000,2179,4456,1820,1995,7,60,120,4000,280,1800,1,0,1,0,0,1
295000,2011,87230,1248,3760,1690,1530,5,43,75,4000,190,2000,1,0,1,0,1,0
495000,2017,38258,1248,3840,1735,1530,5,37,74,4000,190,2000,2,0,1,0,1,0
975000,2019,56881,1497,4440,1695,1495,5,40,117,6600,145,4600,1,1,1,0,1,0
425000,2014,72000,1461,4315,1822,1695,5,50,108,3900,248,2250,2,0,1,0,1,0
1250000,2013,71141,1984,4370,1783,1458,5,60,150,3500,350,1500,1,0,0,0,1,0
560000,2013,37000,1248,3995,1695,1555,5,42,74,4000,190,2000,1,0,1,0,1,0
1221000,2019,46000,2179,4456,1820,1995,7,60,120,4000,280,1800,1,0,1,0,0,1
295000,2009,70200,1497,4420,1695,1480,5,42,118,6600,146,4600,2,1,0,0,1,0
1300000,2012,64800,1796,4596,1770,1447,5,66,186,5600,285,4000,1,1,0,0,0,1
950000,2016,73000,1582,4270,1780,1630,5,60,126,4000,265,1900,1,0,0,0,1,0
286000,2017,40564,796,3395,1490,1475,5,35,47,6000,69,3500,1,1,1,0,1,0
340000,2013,98500,1336,3995,1710,1505,5,45,89,4000,219,1500,1,0,1,0,1,0
1125000,2020,46807,999,4413,1699,1466,5,55,109,5000,175,1750,1,1,0,0,1,0
580000,2018,81000,1198,3994,1811,1607,5,44,108,5000,170,1750,1,1,0,0,1,0
495000,2015,13716,1197,3995,1695,1555,5,42,85,6000,114,4000,1,1,1,0,1,0
550000,2014,89000,1248,3995,1695,1555,5,42,74,4000,190,2000,1,0,1,0,1,0
1485000,2021,13000,1493,3995,1790,1647,5,45,113,4000,250,1500,1,0,0,0,1,0
885000,2018,38000,1598,4413,1699,1466,5,55,104,5200,153,3750,1,1,1,0,1,0
715000,2020,17000,1197,3805,1680,1520,5,37,82,6000,114,4000,1,1,0,0,1,0
375000,2019,55000,799,3679,1579,1478,5,28,53,5678,72,4386,1,1,1,0,1,0
325000,2014,43037,1198,3610,1680,1500,5,35,87,6000,109,4500,1,1,1,0,1,0
425000,2013,26000,1248,3850,1695,1530,5,42,74,4000,190,2000,1,0,1,0,1,0
1475000,2020,78000,2179,4456,1820,1995,7,60,140,3750,320,1500,1,0,1,0,0,1
869000,2021,8700,1199,3995,1695,1501,5,35,89,6000,110,4800,1,1,0,0,1,0
390000,2018,18000,998,3545,1490,1475,5,35,67,6000,90,3500,1,1,1,0,1,0
540000,2015,38000,1373,4490,1730,1485,5,43,91,6000,130,4000,1,1,1,0,1,0
699000,2018,43000,1248,3840,1735,1530,5,37,74,4000,190,2000,1,0,0,0,1,0
484999,2013,107000,1582,4370,1700,1475,5,43,126,4000,260,1900,1,0,1,0,1,0
1085000,2018,8922,1198,3994,1811,1607,5,44,108,5000,170,1750,1,1,0,0,1,0
319000,2013,47800,796,3395,1490,1475,5,35,47,6000,69,3500,1,1,1,0,1,0
475000,2015,72000,1498,4386,1683,1603,7,42,99,3600,200,1750,2,0,1,0,1,0
890000,2022,7500,1199,3827,1742,1615,5,37,84,6000,113,3300,1,1,1,0,1,0
445000,2016,22402,1197,3765,1660,1520,5,43,81,6000,114,4000,1,1,1,0,1,0
690000,2017,61000,1248,3995,1745,1500,5,37,74,4000,190,2000,1,0,1,0,1,0
395000,2018,75500,999,3679,1579,1478,5,28,67,5500,91,4250,1,1,1,0,1,0
145000,2009,39586,1061,3520,1475,1690,5,35,67,6200,84,3500,1,1,1,0,1,0
750000,2018,33647,1197,3985,1734,1505,5,40,82,6000,115,4000,1,1,0,0,1,0
569000,2018,57847,1197,3765,1660,1520,5,43,81,6000,114,4000,1,1,1,0,1,0
470000,2016,74000,1197,3995,1695,1555,5,42,83,6000,115,4000,1,1,1,0,1,0
450000,2014,85000,1461,4331,1822,1671,5,50,84,3750,200,1900,2,0,1,0,1,0
299000,2016,26000,999,3679,1579,1478,5,28,67,5500,91,4250,1,1,1,0,1,0
790000,2019,25000,1197,3995,1745,1510,5,37,82,6000,113,4200,1,1,0,0,1,0
1095000,2017,39000,1591,4270,1780,1630,5,60,122,6400,154,4850,2,1,0,0,1,0
525000,2015,80852,1198,3970,1682,1453,5,45,103,5000,175,1500,2,1,0,0,1,0
270000,2014,54420,998,3620,1475,1460,5,35,67,6200,90,3500,1,1,1,0,1,0
894999,2015,39780,1798,4620,1775,1475,5,55,138,6400,173,4000,1,1,0,0,1,0
335000,2013,78301,1197,3585,1595,1550,5,35,79,6000,112,4000,2,1,0,0,1,0
1000000,2018,38000,2179,4788,1903,1791,7,60,148,4000,320,1700,1,0,1,0,0,1
220000,2009,126535,1197,3565,1595,1550,5,35,80,5200,111,4000,1,1,1,0,1,0
960000,2016,37079,1591,4270,1780,1630,5,60,122,6400,154,4850,1,1,0,0,1,0
1300000,2014,51000,1968,4385,1831,1608,5,64,174,4200,380,1750,2,0,0,1,0,0
375000,2013,39000,1198,3970,1682,1453,5,45,74,5400,110,3750,1,1,1,0,1,0
545000,2014,56000,1591,4370,1700,1475,5,43,121,6300,158,4200,1,1,1,0,1,0
1085000,2022,3383,998,3995,1770,1605,5,45,118,6000,172,1500,1,1,1,0,1,0
725000,2018,42000,1248,3995,1790,1640,5,48,89,4000,200,1750,1,0,1,0,1,0
1090000,2012,65000,1995,4648,1881,1661,5,67,184,4000,380,1750,2,0,0,1,0,0
900000,2019,17000,1199,3999,1734,1601,5,40,89,6000,110,4800,1,1,1,0,1,0
295000,2014,62500,1498,3990,1680,1505,5,35,99,3600,200,1750,1,0,1,0,1,0
600000,2017,86000,1248,4490,1730,1485,5,43,89,4000,200,1750,2,0,1,0,1,0
375000,2013,29135,1197,3995,1710,1505,5,45,83,6000,113,4000,1,1,1,0,1,0
545000,2015,42000,1199,3955,1694,1544,5,40,89,6000,110,4800,1,1,0,0,1,0
195000,2010,32000,1198,3900,1695,1535,5,42,89,6200,110,4800,1,1,1,0,1,0
1097000,2022,1700,1493,3995,1770,1605,5,45,99,4000,240,1500,1,0,1,0,1,0
1095000,2020,43260,1197,3971,1682,1469,5,45,103,5000,175,1500,1,1,0,0,1,0
1375000,2019,69000,2179,4456,1820,1995,7,60,140,3750,320,1500,1,0,1,1,0,0
745000,2021,14722,1197,3845,1735,1530,5,37,89,6000,113,4400,1,1,1,0,1,0
625000,2017,23798,1199,3999,1734,1601,5,40,89,6000,110,4800,1,1,1,0,1,0
250000,2011,55000,1497,4420,1695,1480,5,42,118,6600,146,4600,1,1,1,0,1,0
650000,2017,51000,1197,4384,1699,1466,5,55,103,5000,175,1500,1,1,0,0,1,0
310000,2014,49000,1198,3610,1680,1500,5,35,87,6000,109,4500,2,1,1,0,1,0
600000,2017,48000,1498,4315,1822,1695,5,50,105,5600,142,4000,1,1,1,0,1,0
295000,2013,74000,1498,4291,1722,1496,5,43,89,3750,204,2000,1,0,1,0,1,0
375000,2013,97000,2179,4655,1965,1922,7,55,138,4000,320,1700,1,0,1,0,0,1
480000,2014,115000,1498,3999,1765,1708,5,52,89,3750,204,2000,1,0,1,0,1,0
590000,2020,74000,1197,3805,1680,1520,5,37,82,6000,114,4000,1,1,1,0,1,0
561000,2015,61000,1396,3985,1734,1505,5,45,89,4000,220,1500,1,0,1,0,1,0
725000,2014,104814,1798,4540,1760,1480,5,55,138,6400,173,4000,1,1,1,0,1,0
645000,2013,17000,1797,4530,1775,1470,5,56,147,6500,177,4700,1,1,1,0,1,0
450000,2016,45000,1197,3850,1695,1530,5,42,83,6000,115,4000,1,1,1,0,1,0
525000,2016,64928,1197,3850,1695,1530,5,42,83,6000,115,4000,1,1,1,0,1,0
590000,2018,68500,1248,3995,1735,1515,5,37,74,4000,190,2000,1,0,1,0,1,0
385000,2013,72567,1498,3990,1680,1505,5,35,99,3600,200,1750,1,0,1,0,1,0
535000,2020,4295,998,3636,1475,1670,5,35,67,6200,90,3500,1,1,1,0,1,0
875000,2018,82000,1248,3995,1790,1640,5,48,89,4000,200,1750,1,0,1,0,1,0
295000,2010,33000,1298,4160,1690,1530,5,43,87,6000,113,4500,1,1,1,0,1,0
969999,2018,68000,1582,4270,1780,1665,5,55,126,4000,260,1500,1,0,1,0,1,0
484999,2018,35000,1199,3746,1647,1535,5,35,84,6000,114,3500,1,1,0,0,1,0
580000,2019,17881,1197,3850,1695,1530,5,42,83,6000,115,4000,1,1,1,0,1,0
450000,2014,48409,1497,4440,1695,1495,5,40,117,6600,145,4600,2,1,1,0,1,0
355000,2020,40000,796,3395,1490,1475,5,35,47,6000,69,3500,1,1,1,0,1,0
1050000,2022,1500,1199,3993,1811,1606,5,44,118,5500,170,1750,1,1,1,0,1,0
445000,2014,38985,1498,3998,1765,1647,5,52,99,3750,205,1750,1,0,1,0,1,0
495000,2015,52000,1199,3955,1694,1544,5,40,89,6000,110,4800,1,1,1,0,1,0
275000,2011,42000,1197,3585,1595,1550,5,35,79,6000,112,4000,1,1,1,0,1,0
465000,2014,29442,1198,3990,1680,1505,5,35,87,6000,109,4500,1,1,0,0,1,0
1050000,2017,71800,1956,4395,1818,1640,5,60,171,3750,350,1750,1,0,1,0,1,0
269000,2009,85000,1497,4420,1695,1480,5,42,118,6600,146,4600,2,1,1,0,1,0
445000,2018,65555,1186,3995,1660,1520,5,43,74,4000,190,1750,2,0,1,0,1,0
1000000,2018,42000,1591,4270,1780,1630,5,60,122,6400,154,4850,1,1,0,0,1,0
1490000,2018,68000,2179,4456,1820,1995,7,60,140,3750,320,1500,2,0,1,1,0,0
1550000,2022,600,1498,4323,1809,1650,5,48,108,6000,144,4400,1,1,1,0,1,0
484999,2017,86006,1364,3884,1695,1510,5,45,67,3800,170,1800,1,0,1,0,1,0
425000,2014,75000,1498,4440,1695,1495,5,40,99,3600,200,1750,1,0,1,0,1,0
1150000,2014,99000,2179,4456,1820,1995,8,60,120,4000,280,1800,1,0,1,0,0,1
725000,2016,84000,1396,3995,1760,1555,5,45,89,4000,220,1500,1,0,1,0,1,0
741000,2017,31000,1373,4490,1730,1485,5,43,91,6000,130,4000,1,1,0,0,1,0
1550000,2020,28000,2184,3985,1820,1920,6,57,130,3750,300,1600,1,0,1,1,0,0
645000,2015,64000,1498,4440,1695,1495,5,40,99,3600,200,1750,1,0,1,0,1,0
550000,2014,85000,1498,4440,1695,1495,5,40,99,3600,200,1750,1,0,1,0,1,0
595000,2017,35000,1197,3995,1745,1500,5,37,83,6000,115,4000,3,1,0,0,1,0
500000,2017,32000,998,3715,1635,1565,5,35,67,6000,90,3500,2,1,0,0,1,0
345000,2016,49857,998,3599,1495,1700,5,35,67,6200,90,3500,1,1,1,0,1,0
299000,2013,46000,998,3636,1475,1670,5,35,67,6200,90,3500,1,1,1,0,1,0
160000,2008,50000,1061,3520,1475,1690,5,35,67,6200,84,3500,2,1,1,0,1,0
570000,2017,36000,1197,3995,1745,1500,5,37,83,6000,115,4000,1,1,0,0,1,0
800000,2021,13000,999,3991,1750,1605,5,40,99,5000,152,2200,1,1,0,0,1,0
315000,2013,45000,998,3515,1500,1510,5,32,68,6200,94,3500,1,1,1,0,1,0
640000,2016,124000,1598,4386,1699,1466,5,55,105,4400,250,2500,1,0,1,0,1,0
779000,2016,9889,1197,3985,1734,1505,5,45,82,6000,115,4000,1,1,1,0,1,0
1450000,2021,13000,1497,4440,1695,1495,5,40,118,6600,145,4600,1,1,0,0,1,0
890000,2018,35000,1198,3994,1811,1607,5,44,108,5000,170,1750,1,1,0,0,1,0
625000,2017,51145,1197,3995,1745,1500,5,37,83,6000,115,4000,1,1,1,0,1,0
270000,2015,64000,1196,3795,1680,1427,5,45,70,6250,102,4000,1,1,1,0,1,0
825000,2019,9644,1197,3995,1735,1515,5,37,82,6000,113,4200,1,1,0,0,1,0
425000,2017,41624,998,3695,1600,1560,5,35,67,6000,90,3500,2,1,0,0,1,0
459999,2016,82844,1186,3765,1660,1520,5,43,74,4000,190,1750,1,0,1,0,1,0
789000,2017,60444,1498,4315,1822,1695,5,50,105,5600,142,4000,1,1,1,0,1,0
775000,2014,125000,2179,4456,1820,1995,8,60,120,4000,280,1800,1,0,1,0,0,1
1400000,2019,13000,1591,4270,1780,1630,5,60,122,6400,154,4850,1,1,0,0,1,0
770000,2015,112000,1248,4265,1695,1685,7,45,89,4000,200,1750,1,0,1,0,1,0
450000,2016,53300,1197,3765,1660,1520,5,43,81,6000,114,4000,1,1,1,0,1,0
840000,2019,34000,1497,4440,1695,1495,5,40,117,6600,145,4600,1,1,1,0,1,0
525000,2018,78900,1120,3995,1660,1520,5,43,71,4000,160,1500,1,0,1,0,1,0
1200000,2017,95785,2179,4788,1903,1791,7,60,154,4000,400,1700,1,0,0,0,0,1
620000,2017,92000,1498,3998,1765,1647,5,52,99,3750,205,1750,1,0,1,0,1,0
590000,2019,26000,1197,3850,1695,1530,5,42,83,6000,115,4000,1,1,1,0,1,0
685000,2018,92000,1248,3995,1735,1515,5,37,74,4000,190,2000,1,0,0,0,1,0
1121000,2019,38000,2523,4456,1820,1930,7,60,75,3200,200,1400,1,0,1,0,0,1
545000,2019,10340,998,3599,1495,1700,5,35,67,6200,90,3500,1,1,1,0,1,0
1350000,2015,47706,1968,4385,1831,1608,5,64,174,4200,380,1750,1,0,0,1,0,0
1299000,2021,13400,1462,4445,1775,1700,6,45,103,6000,138,4400,1,1,1,0,1,0
450000,2016,44613,1498,3995,1695,1525,5,40,99,3750,215,1750,1,0,1,0,1,0
550000,2019,29000,1197,3850,1695,1530,5,42,83,6000,115,4000,1,1,1,0,1,0
495000,2015,42000,1591,4375,1700,1475,5,43,121,6300,155,4200,1,1,1,0,1,0
360000,2015,16205,998,3515,1550,1510,5,32,68,6200,94,3500,1,1,1,0,1,0
565000,2016,29000,1197,3765,1660,1520,5,43,79,6000,112,4000,1,1,0,0,1,0
615000,2017,69000,1493,3995,1835,1839,7,60,100,3750,240,1600,1,0,0,0,0,1
525000,2015,114635,1498,4440,1695,1495,5,40,99,3600,200,1750,1,0,1,0,1,0
1175000,2012,77000,1968,4915,1874,1455,5,65,177,3750,380,1750,2,0,0,0,1,0
1450000,2013,70000,1995,4624,2031,1429,5,60,184,4000,380,1750,2,0,0,0,0,1
1390000,2022,32000,1498,4549,1748,1489,5,40,119,6600,145,4300,1,1,0,0,1,0
1075000,2019,45000,1591,4270,1780,1665,5,55,122,6400,151,4850,1,1,0,0,1,0
950000,2020,55055,1248,4300,1785,1595,5,48,89,4000,200,1750,1,0,1,0,1,0
825000,2021,22000,1197,3995,1745,1500,5,37,83,6000,115,4000,1,1,1,0,1,0
465000,2014,25704,1197,3850,1695,1530,5,42,85,6000,114,4000,1,1,1,0,1,0
475000,2016,55353,1248,3995,1695,1555,5,42,74,4000,190,2000,2,0,1,0,1,0
379000,2018,29434,1047,3746,1647,1535,5,35,69,4000,140,1800,2,1,1,0,1,0
240000,2017,42000,1198,3785,1635,1485,5,35,67,5000,104,4000,1,1,1,0,1,0
1525000,2021,14000,1497,4315,1800,1645,5,50,114,6300,144,4500,1,1,1,0,1,0
1400000,2014,35000,1995,4624,2031,1429,5,60,184,4000,380,1750,1,0,0,0,0,1
775000,2020,39000,1197,3995,1775,1505,5,37,82,6000,115,4200,1,1,1,0,1,0
229999,2012,52000,998,3600,1495,1595,5,35,67,6200,90,3500,1,1,1,0,1,0
300000,2018,51000,814,3495,1550,1500,5,32,55,5500,75,4000,1,1,1,0,1,0
160000,2011,72000,998,3545,1490,1475,5,35,67,6000,90,3500,1,1,1,0,1,0
270000,2010,86000,1197,3565,1595,1550,5,35,80,5200,111,4000,2,1,1,0,1,0
210000,2014,42505,796,3395,1490,1475,5,35,47,6000,69,3500,1,1,1,0,1,0
625000,2017,42000,1197,3985,1734,1505,5,45,82,6000,115,4000,1,1,1,0,1,0
1490000,2019,57600,1353,4315,1800,1645,5,50,138,6000,242,1500,1,1,0,0,1,0
265000,2011,66000,1496,4265,1695,1510,5,45,80,5600,132,3000,1,1,1,0,1,0
360000,2013,58000,1598,4384,1699,1466,5,55,103,5250,153,3800,1,1,1,0,1,0
800000,2017,82300,1373,4490,1730,1485,5,43,91,6000,130,4000,1,1,1,0,1,0
710000,2017,73000,1248,3995,1790,1640,5,48,89,4000,200,1750,1,0,1,0,1,0
710000,2018,72000,1598,4300,1765,1590,5,48,118,3750,320,1750,1,0,1,0,1,0
720000,2018,50197,999,3971,1682,1469,5,45,75,6200,95,3000,1,1,1,0,1,0
395000,2014,44527,1198,3990,1680,1505,5,35,87,6000,109,4500,1,1,1,0,1,0
455000,2014,50000,1499,3999,1765,1708,5,52,109,6300,140,4400,2,1,1,0,1,0
690000,2014,37000,1497,4440,1695,1495,5,40,117,6600,145,4600,1,1,1,0,1,0
450000,2013,61000,1497,4440,1695,1485,5,42,116,6600,146,4800,1,1,1,0,1,0
860000,2018,82200,1497,3994,1811,1607,5,44,108,3750,260,1500,1,0,1,0,1,0
875000,2018,28000,1497,4440,1695,1495,5,40,117,6600,145,4600,1,1,1,0,1,0
580000,2011,117000,2179,4430,1817,1975,7,60,122,4000,290,1800,2,0,1,1,0,0
229999,2010,72000,1298,4160,1690,1530,5,43,87,6000,113,4500,1,1,1,0,1,0
1513000,2015,79000,1968,4385,1831,1608,5,64,174,4200,380,1750,2,0,0,1,0,0
234000,2013,72600,998,3620,1475,1460,5,35,67,6200,90,3500,1,1,1,0,1,0
320000,2018,42313,999,3429,1560,1541,5,28,67,5500,91,4250,2,1,0,0,1,0
1025000,2019,90000,1248,3995,1790,1640,5,48,89,4000,200,1750,1,0,1,0,1,0
630000,2017,36000,1248,3995,1735,1515,5,37,74,4000,190,2000,1,0,1,0,1,0
1090000,2020,26200,998,3995,1770,1605,5,45,118,6000,172,1500,1,1,0,0,1,0
700000,2019,11000,1197,3840,1735,1530,5,37,82,6000,113,4200,2,1,1,0,1,0
661000,2021,14366,1197,3845,1735,1530,5,37,89,6000,113,4400,1,1,1,0,1,0
565000,2017,65000,1493,3995,1835,1839,7,60,84,3750,230,1500,2,0,1,0,0,1
750000,2014,126000,2494,4585,1760,1760,7,55,100,3600,200,1400,1,0,1,0,0,1
535000,2016,58339,1396,3985,1734,1505,5,45,89,4000,220,1500,1,0,1,0,1,0
770000,2019,72040,1248,3995,1735,1515,5,37,74,4000,190,2000,1,0,0,0,1,0
1195000,2022,6200,998,3995,1790,1647,5,45,118,6000,172,1500,1,1,1,0,1,0
625000,2016,68000,1197,3971,1682,1469,5,45,103,5000,175,1500,1,1,0,0,1,0
745000,2018,36000,1248,3995,1790,1640,5,48,89,4000,200,1750,1,0,1,0,1,0
551000,2021,19000,1086,3610,1645,1560,5,35,68,5500,99,4500,1,1,1,0,1,0
690000,2016,35000,1461,4315,1822,1695,5,50,108,3900,248,2250,2,0,0,0,1,0
894999,2019,46000,1248,3995,1790,1640,5,48,89,4000,200,1750,1,0,0,0,1,0
550000,2016,83000,1598,4386,1699,1466,5,55,105,4400,250,2500,1,0,1,0,1,0
399000,2013,54000,1498,3999,1765,1708,5,52,89,3750,204,2000,3,0,1,0,1,0
1275000,2020,42000,1497,4315,1800,1645,5,50,113,6300,144,4500,1,1,1,0,1,0
535000,2020,41441,1196,3675,1475,1800,5,40,73,6000,101,3000,1,1,1,0,0,1
825000,2018,48174,1248,3995,1790,1640,5,48,89,4000,200,1750,1,0,1,0,1,0
585000,2016,62591,1498,3998,1765,1647,5,52,99,3750,205,1750,1,0,1,0,1,0
675000,2017,48650,1199,3955,1694,1544,5,40,89,6000,110,4800,1,1,0,0,1,0
795000,2017,52245,1248,4300,1785,1595,5,48,89,4000,200,1750,1,0,1,0,1,0
611000,2017,65000,1396,3985,1734,1505,5,45,89,4000,220,1500,1,0,1,0,1,0
390000,2015,43297,998,3599,1495,1700,5,35,67,6200,90,3500,1,1,1,0,1,0
650000,2019,44710,1197,3850,1695,1530,5,42,83,6000,115,4000,1,1,1,0,1,0
390000,2013,62000,1461,4618,1813,1488,5,67,108,4000,240,1850,1,0,1,0,1,0
385000,2011,69000,1197,3850,1695,1530,5,42,85,6000,114,4000,1,1,1,0,1,0
649000,2020,52236,1197,3765,1660,1520,5,43,81,6000,114,4000,1,1,1,0,1,0
400000,2014,64000,1248,3995,1695,1555,5,42,74,4000,190,2000,1,0,1,0,1,0
599000,2020,35000,1197,3805,1680,1520,5,37,82,6000,114,4000,1,1,0,0,1,0
400000,2016,50000,1199,3955,1694,1544,5,40,89,6000,110,4800,1,1,1,0,1,0
445000,2018,71000,998,3600,1600,1560,5,35,67,6000,90,3500,1,1,1,0,1,0
1475000,2021,12000,2184,3985,1820,1844,4,57,130,3750,300,1600,1,0,1,1,0,0
600000,2020,10000,1197,3850,1695,1530,5,42,83,6000,115,4000,1,1,1,0,1,0
715000,2017,71000,1248,3995,1790,1640,5,48,89,4000,200,1750,1,0,1,0,1,0
425000,2015,48000,1197,3765,1660,1520,5,43,81,6000,114,4000,1,1,1,0,1,0
795000,2022,4000,1197,3995,1775,1505,5,37,87,6000,115,1500,1,1,0,0,1,0
269000,2010,73000,1497,4420,1695,1480,5,42,118,6600,146,4600,2,1,1,0,1,0
565000,2014,68000,1582,4370,1700,1475,5,43,128,4000,260,1900,1,0,1,0,1,0
529000,2015,57654,1197,3995,1760,1555,5,45,82,6000,115,4000,1,1,1,0,1,0
400000,2019,22000,998,3545,1490,1475,5,35,67,6000,90,3500,1,1,1,0,1,0
975000,2019,41792,1462,4445,1775,1700,6,45,103,6000,138,4400,1,1,1,0,1,0
1550000,2019,17000,1353,4315,1800,1645,5,50,138,6000,242,1500,1,1,1,0,1,0
430000,2019,57993,998,3545,1490,1475,5,35,67,6000,90,3500,1,1,0,0,1,0
600000,2018,32000,1197,3995,1745,1500,5,37,83,6000,115,4000,1,1,1,0,1,0
250000,2014,114000,998,3620,1475,1460,5,35,67,6200,90,3500,2,1,1,0,1,0
675000,2016,45000,1248,3995,1790,1640,5,48,89,4000,200,1750,1,0,1,0,1,0
455000,2014,30183,1197,3995,1695,1555,5,42,85,6000,114,4000,1,1,1,0,1,0
345000,2016,73190,998,3599,1495,1700,5,35,67,6200,90,3500,2,1,1,0,1,0
700000,2014,64000,1797,4530,1775,1470,5,56,147,6500,177,4700,1,1,1,0,1,0
590000,2015,39000,1373,4490,1730,1485,5,43,91,6000,130,4000,1,1,1,0,1,0
490000,2014,56918,1198,3825,1665,1530,5,41,76,6000,104,4400,2,1,0,0,1,0
695000,2018,55000,1248,3995,1735,1515,5,37,74,4000,190,2000,1,0,0,0,1,0
1025000,2019,42000,1396,3995,1770,1605,5,45,89,4000,220,1500,1,0,1,0,1,0
715000,2021,16000,1197,3995,1745,1500,5,37,83,6000,115,4000,1,1,1,0,1,0
1200000,2019,27657,1582,4270,1780,1665,5,55,126,4000,260,1500,2,0,0,0,1,0
275000,2012,30000,998,3515,1500,1510,5,32,68,6200,94,3500,1,1,1,0,1,0
445000,2012,111000,1497,4440,1695,1485,5,42,116,6600,146,4800,1,1,1,0,1,0
665000,2017,48000,1248,3995,1745,1500,5,37,74,4000,190,2000,1,0,1,0,1,0
1090000,2019,37000,1396,4270,1780,1665,5,55,89,4000,220,1500,1,0,1,0,1,0
1085000,2018,45915,1582,4440,1729,1475,5,45,126,4000,260,1500,1,0,0,0,1,0
795000,2019,22224,1199,3995,1695,1501,5,35,89,6000,110,4800,1,1,0,0,1,0
628000,2018,53848,1199,3995,1695,1501,5,35,89,6000,110,4800,1,1,1,0,1,0
1550000,2013,104264,1995,4633,1811,1429,5,57,188,4000,400,1750,2,0,0,0,0,1
595000,2015,72000,1497,4440,1695,1495,5,40,117,6600,145,4600,1,1,1,0,1,0
819999,2018,42000,1199,3999,1734,1601,5,40,89,6000,110,4800,1,1,1,0,1,0
950000,2020,57400,1497,3995,1821,1627,5,42,115,3750,300,1500,1,0,1,0,1,0
625000,2015,76000,1364,3775,1695,1510,5,45,67,3800,170,1800,1,0,1,0,1,0
325000,2013,46721,1197,3565,1595,1550,5,35,80,5200,111,4000,2,1,0,0,1,0
365000,2014,31000,1198,3610,1680,1500,5,35,87,6000,109,4500,1,1,1,0,1,0
475000,2014,73265,1998,4597,1788,1477,5,60,164,3800,380,2000,2,0,0,0,1,0
1225000,2019,47000,1582,4270,1780,1665,5,55,126,4000,260,1500,1,0,1,0,1,0
725000,2017,42000,1248,4296,1695,1685,7,45,89,4000,200,1750,1,0,1,0,1,0
695000,2018,68818,1197,3995,1735,1515,5,37,82,6000,113,4200,1,1,0,0,1,0
950000,2020,39000,1498,3995,1695,1501,5,35,79,3600,160,1750,1,0,0,0,1,0
585000,2017,24100,1199,3955,1694,1544,5,40,89,6000,110,4800,1,1,1,0,1,0
434999,2017,23000,1196,3995,1695,1525,5,42,87,6300,112,4000,1,1,1,0,1,0
910000,2019,76000,1498,4490,1730,1485,5,43,94,4000,225,1500,1,0,1,0,1,0
565000,2020,47000,998,3695,1600,1560,5,35,67,6000,90,3500,1,1,1,0,1,0
1050000,2021,1910,1462,3995,1790,1640,5,48,103,6000,138,4400,1,1,0,0,1,0
990000,2019,23000,1396,4270,1780,1630,5,60,89,4000,224,1500,1,0,1,0,1,0
254999,2012,18954,1086,3585,1595,1550,5,35,68,5500,99,4500,1,1,1,0,1,0
598000,2015,58200,1591,4370,1700,1475,5,43,121,6300,158,4200,1,1,0,0,1,0
560000,2016,80000,1396,3985,1734,1505,5,40,89,4000,220,1500,2,0,1,0,1,0
975000,2011,75000,1968,4701,1826,1427,5,63,177,4200,380,1750,1,0,0,0,1,0
745000,2016,117048,1598,4386,1699,1466,5,55,105,4400,250,2500,1,0,1,0,1,0
495000,2017,47000,1197,3765,1660,1520,5,43,81,6000,114,4000,1,1,1,0,1,0
1500000,2014,69000,1968,4915,1874,1455,5,65,177,3750,380,1750,1,0,0,0,1,0
325000,2011,101347,1496,4265,1695,1510,5,45,90,5600,132,3000,3,1,1,0,1,0
1485000,2021,36700,1497,4585,1866,1774,8,45,121,3500,300,1750,1,0,1,0,1,0
1290000,2014,85000,2494,4585,1760,1760,7,55,100,3600,200,1400,2,0,1,0,0,1
600000,2016,99000,1461,4331,1822,1671,5,50,84,3750,200,1900,1,0,1,0,1,0
436000,2014,37959,1197,3765,1660,1520,5,43,79,6000,112,4000,2,1,0,0,1,0
270000,2017,27000,1198,3785,1635,1485,5,35,67,5000,104,4000,1,1,1,0,1,0
465000,2019,19000,1086,3610,1645,1560,5,35,68,5500,99,4500,1,1,0,0,1,0
875000,2019,58618,1497,4440,1695,1495,5,40,117,6600,145,4600,1,1,1,0,1,0
426999,2020,41669,999,3679,1579,1478,5,28,67,5500,91,4250,1,1,0,0,1,0
1035000,2018,36000,1582,4270,1780,1630,5,60,126,4000,265,1900,1,0,1,0,1,0
695000,2018,31000,1197,3995,1735,1515,5,37,89,6000,113,4400,1,1,1,0,1,0
449000,2018,53512,1199,3746,1647,1535,5,35,84,6000,114,3500,2,1,1,0,1,0
565000,2015,65000,1396,3985,1734,1505,5,45,89,4000,220,1500,2,0,1,0,1,0
375000,2018,14000,999,3679,1579,1478,5,28,67,5500,91,4250,1,1,1,0,1,0
949000,2018,50500,1248,3995,1790,1640,5,48,89,4000,200,1750,1,0,1,0,1,0
775000,2019,80849,1248,3840,1735,1530,5,37,74,4000,190,2000,1,0,1,0,1,0
825000,2016,45000,1497,4440,1695,1495,5,40,117,6600,145,4600,1,1,0,0,1,0
509999,2019,30858,1086,3610,1645,1560,5,35,68,5500,99,4500,1,1,1,0,1,0
1350000,2018,56500,2179,4456,1820,1995,7,60,140,3750,320,1500,1,0,1,0,0,1
650000,2020,37003,1197,3765,1660,1520,5,43,81,6000,114,4000,1,1,1,0,1,0
1490000,2021,11000,1498,4440,1695,1495,5,40,99,3600,200,1750,1,0,1,0,1,0
545000,2016,53000,1197,3995,1745,1500,5,37,83,6000,115,4000,1,1,1,0,1,0
360000,2013,92000,1461,4425,1695,1505,5,41,85,3750,200,2000,2,0,1,0,1,0
625000,2019,48422,1497,3998,1765,1647,5,52,121,6500,150,4500,1,1,1,0,1,0
484999,2018,62000,1197,3995,1745,1500,5,37,83,6000,115,4000,2,1,1,0,1,0
1275000,2019,44000,1591,4270,1780,1665,5,55,122,6400,151,4850,1,1,1,0,1,0
1375000,2013,102000,1995,4633,1811,1429,5,57,188,4000,400,1750,2,0,0,0,0,1
715000,2019,31552,1197,3995,1735,1515,5,37,82,6000,113,4200,1,1,0,0,1,0
380000,2016,70000,998,3636,1475,1670,5,35,67,6200,90,3500,1,1,0,0,1,0
375000,2016,35134,1198,3610,1680,1500,5,35,87,6000,109,4500,1,1,1,0,1,0
695000,2018,8000,1197,3840,1735,1530,5,37,82,6000,113,4200,1,1,0,0,1,0
875000,2016,62125,1582,4270,1780,1630,5,60,126,4000,265,1900,1,0,1,0,1,0
685000,2018,64300,1197,3995,1760,1555,5,40,82,6000,115,4000,1,1,1,0,1,0
869999,2017,70000,1582,4270,1780,1630,5,60,126,4000,265,1900,1,0,1,0,1,0
875000,2018,24000,2498,3920,1726,1930,6,60,105,3800,247,1800,1,0,1,1,0,0
1390000,2012,69500,1968,4385,1831,1608,5,64,174,4200,380,1750,1,0,0,1,0,0
825000,2019,25500,1248,3995,1790,1640,5,48,89,4000,200,1750,1,0,1,0,1,0
785000,2017,20000,1373,4490,1730,1485,5,43,91,6000,130,4000,1,1,0,0,1,0
490000,2015,50000,1198,3971,1682,1469,5,45,74,5400,110,3750,1,1,1,0,1,0
360000,2013,95610,1336,3995,1710,1505,5,45,89,4000,219,1500,2,0,1,0,1,0
325000,2013,51000,1461,4425,1695,1505,5,41,85,3750,200,2000,1,0,1,0,1,0
290000,2018,70000,814,3495,1550,1500,5,32,55,5500,75,4000,1,1,1,0,1,0
390000,2014,57000,1197,3765,1660,1520,5,43,81,6000,114,4000,1,1,1,0,1,0
890000,2014,63000,1798,4540,1760,1480,5,55,138,6400,173,4000,1,1,0,0,1,0
440000,2016,53807,1197,3850,1695,1530,5,42,83,6000,115,4000,1,1,1,0,1,0
721000,2018,46000,1373,4490,1730,1485,5,43,91,6000,130,4000,1,1,1,0,1,0
1515000,2018,67546,1798,4670,1814,1476,5,50,177,5100,250,1250,2,1,0,0,1,0
949000,2018,37100,1497,4440,1695,1495,5,40,117,6600,145,4600,1,1,1,0,1,0
319000,2018,89059,799,3679,1579,1478,5,28,53,5678,72,4386,1,1,1,0,1,0
459999,2013,77000,1248,4265,1695,1685,7,45,89,4000,200,1750,2,0,1,0,1,0
685000,2017,58146,1197,3995,1745,1500,5,37,83,6000,115,4000,1,1,1,0,1,0
300000,2013,75000,1364,4265,1695,1510,5,45,68,3600,170,2400,2,0,1,0,1,0
1115000,2018,37000,1591,4270,1780,1665,5,55,122,6400,151,4850,2,1,1,0,1,0
761000,2017,38000,1497,4440,1695,1495,5,40,117,6600,145,4600,2,1,0,0,1,0
825000,2021,8499,1197,3995,1745,1500,5,37,83,6000,115,4000,1,1,1,0,1,0
650000,2016,61181,1396,3985,1734,1505,5,45,89,4000,220,1500,1,0,1,0,1,0
565000,2017,45000,1199,3955,1694,1544,5,40,89,6000,110,4800,1,1,1,0,1,0
685000,2021,9232,1197,3805,1680,1520,5,37,82,6000,114,4000,1,1,0,0,1,0
609000,2018,42601,1197,3985,1734,1505,5,45,82,6000,115,4000,1,1,1,0,1,0
365000,2009,90000,2179,4430,1817,1975,8,60,120,4000,290,1800,2,0,1,0,0,1
480000,2016,50000,1198,3990,1680,1505,5,35,87,6000,109,4500,1,1,1,0,1,0
625000,2014,80000,1582,4530,1775,1470,5,56,126,4000,259,1900,1,0,0,0,1,0
422000,2018,12768,1196,3675,1475,1800,5,40,73,6000,101,3000,1,1,1,0,0,1
495000,2017,30000,1197,3765,1660,1520,5,43,81,6000,114,4000,1,1,1,0,1,0
585000,2019,12000,1199,3746,1647,1535,5,35,84,6000,114,3500,1,1,0,0,1,0
425000,2013,57000,1598,4386,1699,1466,5,55,103,5250,153,3800,2,1,0,0,1,0
280000,2013,99000,1461,4315,1822,1695,5,50,84,3750,200,1900,2,0,1,0,1,0
595000,2016,80000,1199,3955,1694,1544,5,40,89,6000,110,4800,1,1,0,0,1,0
1240000,2017,57000,1956,4395,1818,1640,5,60,171,3750,350,1750,1,0,1,0,1,0
328000,2018,26807,1196,3675,1475,1800,5,40,73,6000,101,3000,2,1,1,0,0,1
625000,2018,23000,1197,3985,1734,1505,5,40,82,6000,115,4000,1,1,1,0,1,0
409999,2015,112000,1248,3850,1695,1530,5,42,74,4000,190,2000,1,0,1,0,1,0
545000,2015,70000,1197,3995,1695,1555,5,42,85,6000,114,4000,1,1,1,0,1,0
699000,2019,53929,999,3971,1682,1469,5,45,75,6200,95,3000,1,1,1,0,1,0
390000,2014,49580,998,3600,1600,1560,5,35,67,6000,90,3500,1,1,1,0,1,0
680000,2014,85000,1364,4620,1775,1475,5,50,87,3800,205,1800,2,0,1,0,1,0
625000,2015,61000,1248,4490,1730,1485,5,43,89,4000,200,1750,1,0,1,0,1,0
951000,2016,42000,2523,4456,1820,1930,8,60,75,3200,200,1400,1,0,1,0,0,1
550000,2011,69000,1497,4420,1695,1480,5,42,118,6600,146,4600,2,1,0,0,1,0
1350000,2017,70000,1368,4395,1818,1640,5,60,160,5500,250,2500,1,1,0,0,1,0
325000,2013,15780,1197,3585,1595,1550,5,35,79,6000,112,4000,1,1,1,0,1,0
640000,2016,50800,1373,4490,1730,1485,5,43,91,6000,130,4000,1,1,1,0,1,0
450000,2011,95000,1794,4540,1760,1480,5,55,132,6000,170,4200,1,1,0,0,1,0
801000,2018,30000,1248,3995,1790,1640,5,48,89,4000,200,1750,1,0,1,0,1,0
1090000,2017,19000,1997,4456,1820,1995,8,60,120,4000,280,1800,1,0,1,0,0,1
245000,2014,31100,998,3620,1475,1460,5,35,67,6200,90,3500,2,1,1,0,1,0
475000,2014,65000,1198,3990,1680,1505,5,35,87,6000,109,4500,2,1,1,0,1,0
545000,2019,28000,1197,3765,1660,1520,5,43,81,6000,114,4000,1,1,1,0,1,0
434999,2017,27000,1186,3995,1660,1520,5,43,74,4000,190,1750,2,0,1,0,1,0
315000,2017,15507,799,3679,1579,1478,5,28,53,5678,72,4386,1,1,1,0,1,0
550000,2015,44000,1497,4440,1695,1495,5,40,117,6600,145,4600,1,1,1,0,1,0
198000,2017,24000,999,3429,1560,1541,5,28,67,5500,91,4250,1,1,1,0,1,0
315000,2017,15507,799,3679,1579,1478,5,28,53,5678,72,4386,1,1,1,0,1,0
775000,2018,39000,1497,4440,1695,1495,5,40,117,6600,145,4600,2,1,1,0,1,0
625000,2017,58000,1197,3995,1735,1515,5,37,82,6000,113,4200,1,1,0,0,1,0
775000,2015,82000,1582,4270,1780,1630,5,60,126,4000,265,1900,2,0,1,0,1,0
1549000,2018,95315,2393,4735,1830,1795,7,55,148,3400,343,1400,2,0,1,0,0,1
725000,2019,11874,1197,3840,1735,1530,5,37,82,6000,113,4200,1,1,0,0,1,0
540000,2014,86000,1582,4370,1700,1475,5,43,126,4000,260,1900,1,0,1,0,1,0
350000,2014,111000,1199,3970,1682,1453,5,45,74,4200,180,2000,2,0,1,0,1,0
475000,2019,25000,998,3695,1600,1560,5,35,67,6000,90,3500,1,1,1,0,1,0
409999,2019,32000,1086,3610,1645,1560,5,35,68,5500,99,4500,1,1,1,0,1,0
545000,2017,22000,1197,3700,1690,1595,5,32,82,6000,113,4200,1,1,0,0,1,0
465000,2014,75000,1197,3850,1695,1530,5,42,85,6000,114,4000,1,1,1,0,1,0
375000,2014,71000,1248,3987,1687,1495,5,45,75,4000,197,1750,1,0,1,0,1,0
795000,2018,45326,1199,3999,1734,1601,5,40,89,6000,110,4800,1,1,1,0,1,0
1050000,2017,29386,1497,4440,1695,1495,5,40,117,6600,145,4600,2,1,0,0,1,0
765000,2021,18105,1197,3765,1660,1520,5,43,81,6000,114,4000,1,1,1,0,1,0
675000,2017,125372,1248,4300,1765,1590,5,48,89,4000,200,1750,1,0,1,0,1,0
509999,2019,40000,1196,3675,1475,1800,7,40,73,6000,101,3000,1,1,1,0,0,1
495000,2012,65001,1497,4440,1695,1485,5,42,116,6600,146,4800,1,1,0,0,1,0
495000,2018,45000,1197,3765,1660,1520,5,43,81,6000,114,4000,1,1,1,0,1,0
480000,2016,85000,1248,3995,1695,1555,5,42,74,4000,190,2000,1,0,1,0,1,0
850000,2019,72000,1248,4296,1695,1685,7,45,89,4000,200,1750,1,0,1,0,1,0
434999,2019,34400,1086,3610,1645,1560,5,35,68,5500,99,4500,1,1,0,0,1,0
1070000,2021,8800,998,3995,1770,1605,5,45,118,6000,172,1500,1,1,1,0,1,0
1530000,2022,2000,1498,4549,1748,1489,5,40,119,6600,145,4300,1,1,0,0,1,0
645000,2016,45000,1591,4375,1700,1475,5,43,121,6300,158,4200,1,1,1,0,1,0
650000,2017,76000,1248,3995,1695,1555,5,42,74,4000,190,2000,1,0,0,0,1,0
545000,2013,110000,1598,4384,1699,1466,5,55,103,4400,250,1500,1,0,1,0,1,0
1095000,2022,2700,1497,4440,1695,1495,5,40,118,6600,145,4600,1,1,1,0,1,0
1500000,2016,70000,1798,4861,1864,1483,5,66,177,5100,250,1250,2,1,0,0,1,0
345000,2015,70000,1498,3971,1682,1469,5,45,89,4200,230,1500,1,0,1,0,1,0
850000,2018,52890,1497,4440,1695,1495,5,40,117,6600,145,4600,1,1,1,0,1,0
675000,2017,48591,1197,3985,1734,1505,5,45,82,6000,115,4000,1,1,1,0,1,0
925000,2019,60888,1497,3995,1821,1627,5,42,115,3750,300,1500,1,0,1,0,1,0
210000,2014,48000,814,3495,1550,1500,5,32,55,5500,75,4000,1,1,1,0,1,0
760000,2018,20251,1198,3994,1811,1607,5,44,108,5000,170,1750,1,1,1,0,1,0
640000,2015,49000,1582,4375,1700,1475,5,43,126,4000,260,1900,1,0,1,0,1,0
340000,2013,66000,1197,3850,1695,1530,5,42,85,6000,114,4000,1,1,1,0,1,0
695000,2017,51292,1497,4440,1695,1495,5,40,117,6600,145,4600,1,1,1,0,1,0
465000,2015,89000,1498,3886,1695,1525,5,40,99,3750,215,1750,2,0,1,0,1,0
735000,2019,55000,1197,3995,1745,1510,5,37,82,6000,113,4200,1,1,1,0,1,0
685000,2016,68500,1497,4440,1695,1495,5,40,117,6600,145,4600,1,1,1,0,1,0
700000,2019,19244,1197,3995,1745,1510,5,37,82,6000,113,4200,1,1,1,0,1,0
550000,2020,19000,1197,3655,1620,1675,5,32,82,6000,113,4200,1,1,1,0,1,0
825000,2015,75000,2199,4690,1880,1690,7,64,194,3800,437,1800,2,0,0,1,0,0
1400000,2013,60000,1968,4915,1874,1455,5,65,177,3750,380,1750,2,0,0,0,1,0
425000,2015,80000,1197,3850,1695,1530,5,42,85,6000,114,4000,2,1,1,0,1,0
640000,2016,52000,1248,3995,1790,1640,5,48,89,4000,200,1750,2,0,1,0,1,0
695000,2019,42678,1197,3985,1734,1505,5,45,82,6000,115,4000,1,1,1,0,1,0
245000,2010,95000,1497,4420,1695,1480,5,42,118,6600,146,4600,2,1,0,0,1,0
690000,2016,65000,1461,4315,1822,1695,5,50,108,3900,248,2250,2,0,1,0,1,0
1500000,2021,31000,999,4221,1760,1612,5,50,114,5000,178,1750,1,1,0,0,1,0
270000,2014,82682,998,3620,1475,1460,5,35,67,6200,90,3500,1,1,1,0,1,0
545000,2016,70500,1396,3995,1760,1555,5,45,89,4000,220,1500,1,0,1,0,1,0
254999,2016,57159,799,3679,1579,1478,5,28,53,5678,72,4386,1,1,1,0,1,0
475000,2012,40000,1497,4440,1695,1485,5,42,116,6600,146,4800,2,1,0,0,1,0
650000,2020,58100,1197,3985,1734,1505,5,45,82,6000,115,4000,1,1,1,0,1,0
795000,2015,86000,2523,4456,1820,1930,8,60,75,3200,200,1400,2,0,1,0,0,1
295000,2016,34736,999,3679,1579,1478,5,28,67,5500,91,4250,1,1,1,0,1,0
525000,2015,85000,2498,3920,1710,1930,7,60,105,3800,247,1800,2,0,1,1,0,0
735000,2018,42000,1197,3995,1735,1515,5,37,82,6000,113,4200,1,1,0,0,1,0
900000,2018,55000,1598,4413,1699,1466,5,55,104,5200,153,3750,2,1,0,0,1,0
795000,2014,53000,1798,4838,1817,1482,5,60,158,4500,250,1500,2,1,0,0,1,0
725000,2017,75793,1248,3995,1790,1640,5,48,89,4000,200,1750,1,0,1,0,1,0
994999,2012,89311,1984,4635,1865,1484,5,67,165,3500,400,2750,1,0,0,0,1,0
785000,2018,80000,1248,3995,1790,1640,5,48,89,4000,200,1750,1,0,1,0,1,0
390000,2018,66794,998,3599,1495,1700,5,35,67,6200,90,3500,1,1,1,0,1,0
675000,2017,35616,1197,3995,1745,1500,5,37,83,6000,115,4000,1,1,0,0,1,0
320000,2015,64000,1196,3675,1475,1800,5,40,73,6000,101,3000,1,1,1,0,0,1
840000,2020,7000,1197,3995,1745,1500,5,37,83,6000,115,4000,1,1,0,0,1,0
310000,2015,45000,998,3599,1495,1700,5,35,67,6200,90,3500,1,1,1,0,1,0
795000,2017,9000,1373,4296,1695,1685,7,45,94,6000,130,4000,1,1,1,0,1,0
860000,2021,11030,1197,3995,1745,1510,5,37,82,6000,113,4200,1,1,1,0,1,0
390000,2015,49123,1197,3585,1595,1550,5,35,79,6000,112,4000,1,1,1,0,1,0
520000,2018,46000,1248,3995,1695,1555,5,42,74,4000,190,2000,1,0,1,0,1,0
675000,2018,64000,1248,3995,1790,1640,5,48,89,4000,200,1750,1,0,1,0,1,0
475000,2021,7942,998,3565,1520,1564,5,27,67,5500,90,3500,1,1,1,0,1,0
265000,2017,52100,796,3395,1490,1475,5,35,47,6000,69,3500,1,1,1,0,1,0
950000,2019,32809,1598,4386,1699,1466,5,55,105,4400,250,2500,1,0,1,0,1,0
690000,2017,17268,1197,3985,1734,1505,5,45,82,6000,115,4000,1,1,1,0,1,0
561000,2017,68000,1197,3995,1745,1500,5,37,83,6000,115,4000,1,1,1,0,1,0
450000,2014,23000,1197,3995,1710,1505,5,45,83,6000,113,4000,1,1,1,0,1,0
1175000,2017,24000,1999,4620,1800,1465,5,50,150,6200,192,4000,1,1,0,0,1,0
400000,2015,41273,1495,4250,1670,1370,5,45,94,5500,125,3500,1,1,1,0,1,0
1100000,2018,65954,1582,4270,1780,1665,5,55,126,4000,260,1500,1,0,1,0,1,0
395000,2016,28000,1197,3585,1595,1550,5,35,79,6000,112,4000,1,1,1,0,1,0
425000,2021,38848,998,3565,1520,1564,5,27,67,5500,90,3500,1,1,1,0,1,0
421000,2017,69000,1197,3995,1695,1555,5,42,83,6000,115,4000,1,1,1,0,1,0
560000,2016,22700,1197,3995,1760,1555,5,45,82,6000,115,4000,1,1,1,0,1,0
875000,2014,100000,2179,4456,1820,1995,8,60,120,4000,280,1800,2,0,1,0,0,1
899000,2018,13066,1373,4490,1730,1485,5,43,91,6000,130,4000,1,1,1,0,1,0
425000,2015,75000,1461,4315,1822,1695,5,50,84,3750,200,1900,1,0,1,0,1,0
425000,2019,53241,998,3565,1520,1564,5,27,67,5500,90,3500,1,1,1,0,1,0
500000,2013,65000,1497,4440,1695,1485,5,42,116,6600,146,4800,1,1,1,0,1,0
240000,2013,64000,998,3515,1500,1510,5,32,68,6200,94,3500,1,1,1,0,1,0
935000,2019,56000,1498,3990,1680,1505,5,35,99,3600,200,1750,1,0,1,0,1,0
775000,2018,39000,1197,3995,1745,1510,5,37,82,6000,113,4200,1,1,0,0,1,0
950000,2017,55000,1997,4456,1820,1995,8,60,120,4000,280,1800,2,0,1,0,0,1
549000,2018,53000,1197,3765,1660,1520,5,43,81,6000,114,4000,2,1,0,0,1,0
645000,2019,35000,1197,3985,1734,1505,5,45,82,6000,115,4000,1,1,1,0,1,0
1375000,2011,62000,1968,4701,1826,1427,5,63,177,4200,380,1750,1,0,0,0,1,0
1340000,2021,11000,1497,4440,1695,1495,5,40,117,6600,145,4600,1,1,0,0,1,0
840000,2020,11000,1197,3840,1735,1530,5,37,82,6000,113,4200,1,1,1,0,1,0
525000,2014,102000,1197,3995,1695,1555,5,42,85,6000,114,4000,2,1,1,0,1,0
625000,2022,7000,1196,3675,1475,1825,7,40,72,6000,98,3000,1,1,1,0,0,1
215000,2012,20000,814,3495,1550,1500,5,32,55,5500,75,4000,1,1,1,0,1,0
595000,2019,25000,1197,3765,1660,1520,5,43,81,6000,114,4000,1,1,1,0,1,0
750000,2018,65000,1248,3840,1735,1530,5,37,74,4000,190,2000,1,0,1,0,1,0
550000,2013,47000,1499,3999,1765,1708,5,52,109,6300,140,4400,1,1,1,0,1,0
565000,2014,72782,1198,3970,1682,1453,5,45,74,5400,110,3750,1,1,1,0,1,0
369000,2017,16800,998,3545,1490,1475,5,35,67,6000,90,3500,1,1,1,0,1,0
1251000,2018,120000,2179,4456,1820,1995,7,60,140,3750,320,1500,2,0,1,0,0,1
540000,2017,38700,1198,3990,1680,1505,5,35,87,6000,109,4500,1,1,1,0,1,0
1245000,2021,7239,1462,4445,1775,1700,6,45,103,6000,138,4400,1,1,1,0,1,0
365000,2014,76000,1197,3765,1660,1520,5,43,81,6000,114,4000,1,1,1,0,1,0
825000,2019,81300,1248,3995,1790,1640,5,48,89,4000,200,1750,1,0,1,0,1,0
325000,2013,76000,1598,3970,1682,1453,5,45,103,4400,250,1500,1,0,1,0,1,0
400000,2018,91460,1199,3746,1647,1535,5,35,84,6000,114,3500,1,1,1,0,1,0
671000,2013,47000,2179,4430,1817,1975,8,60,120,4000,290,1800,1,0,1,0,0,1
775000,2017,60500,1197,4390,1699,1467,5,55,103,5000,175,1500,1,1,0,0,1,0
375000,2011,77000,1794,4540,1760,1480,5,55,132,6000,170,4200,1,1,1,0,1,0
645000,2015,58200,1591,4370,1700,1475,5,43,121,6300,158,4200,1,1,0,0,1,0
509999,2015,42000,998,3600,1600,1560,5,35,67,6000,90,3500,1,1,1,0,1,0
545000,2013,63000,1797,4530,1775,1470,5,56,147,6500,177,4700,1,1,0,0,1,0
835000,2018,42855,1497,4440,1695,1495,5,40,117,6600,145,4600,1,1,1,0,1,0
960000,2018,24000,1461,4315,1822,1695,5,50,84,3750,200,1900,1,0,1,0,1,0
540000,2019,34000,998,3695,1600,1560,5,35,67,6000,90,3500,1,1,1,0,1,0
1475000,2022,9500,1497,4315,1800,1637,5,50,113,6300,144,4500,1,1,1,0,1,0
1175000,2018,97000,1582,4375,1700,1475,5,43,126,4000,260,1900,1,0,1,0,1,0
475000,2014,72900,1591,4370,1700,1475,5,43,121,6300,158,4200,2,1,0,0,1,0
650000,2022,6000,1197,3845,1735,1530,5,37,89,6000,113,4400,1,1,1,0,1,0
370000,2013,41000,1197,3585,1595,1550,5,35,79,6000,112,4000,1,1,0,0,1,0
875000,2018,50000,1497,4440,1695,1495,5,40,117,6600,145,4600,1,1,1,0,1,0
695000,2018,66000,1248,3995,1735,1515,5,37,74,4000,190,2000,1,0,0,0,1,0
545000,2014,74000,1582,4370,1700,1475,5,43,126,4000,260,1900,1,0,1,0,1,0
1099000,2018,20690,1598,4413,1699,1466,5,55,104,5200,153,3750,1,1,0,0,1,0
1125000,2019,40000,1582,4375,1700,1475,5,43,126,4000,260,1900,1,0,1,0,1,0
1299000,2018,50000,1591,4270,1780,1630,5,60,122,6400,154,4850,1,1,0,0,1,0
1190000,2020,47248,1462,4445,1775,1700,6,45,103,6000,138,4400,1,1,0,0,1,0
795000,2021,9000,1199,3993,1677,1532,5,35,84,6000,113,3300,1,1,0,0,1,0
459999,2013,78000,1582,4370,1700,1475,5,43,126,4000,260,1900,2,0,1,0,1,0
1050000,2018,34841,1591,4270,1780,1665,5,55,122,6400,151,4850,1,1,1,0,1,0
385000,2014,46000,1197,3995,1710,1505,5,45,83,6000,113,4000,1,1,1,0,1,0
585000,2015,61000,1498,4440,1695,1495,5,40,99,3600,200,1750,1,0,1,0,1,0
625000,2020,58736,1197,3850,1695,1530,5,42,83,6000,115,4000,1,1,1,0,1,0
910000,2019,34000,1462,4490,1730,1485,5,43,103,6000,138,4400,1,1,1,0,1,0
585000,2017,47000,1197,3985,1734,1505,5,45,82,6000,115,4000,1,1,1,0,1,0
1035000,2017,79000,2498,3920,1710,1930,7,60,105,3800,247,1800,1,0,1,1,0,0
1075000,2021,12020,1197,3995,1775,1505,5,37,87,6000,115,1500,1,1,0,0,1,0
1080000,2019,68000,1396,4270,1780,1630,5,60,89,4000,224,1500,1,0,1,0,1,0
1080000,2020,56000,1493,3995,1770,1605,5,45,99,4000,240,1500,1,0,1,0,1,0
335000,2017,34000,1198,3995,1635,1490,7,35,67,5000,104,4000,1,1,1,0,1,0
1185000,2021,10700,998,3995,1770,1605,5,45,118,6000,172,1500,1,1,1,0,1,0
894999,2021,25000,1197,3995,1775,1505,5,37,87,6000,115,1500,1,1,0,0,1,0
650000,2019,54000,1199,3995,1695,1501,5,35,89,6000,110,4800,2,1,0,0,1,0
550000,2016,88000,1248,3995,1745,1500,5,37,74,4000,190,2000,1,0,1,0,1,0
1175000,2019,20000,1591,4375,1700,1475,5,43,121,6300,158,4200,1,1,1,0,1,0
575000,2016,38000,1396,3985,1734,1505,5,45,89,4000,220,1500,1,0,1,0,1,0
695000,2019,46027,1197,3850,1695,1530,5,42,83,6000,115,4000,1,1,1,0,1,0
875000,2018,23148,1496,4425,1730,1495,5,42,106,6000,140,4200,1,1,0,0,1,0
1495000,2017,28000,1798,4670,1814,1476,5,50,177,5100,250,1250,1,1,0,0,1,0
725000,2019,11874,1197,3840,1735,1530,5,37,82,6000,113,4200,1,1,0,0,1,0
875000,2017,50000,1591,4270,1780,1630,5,60,122,6400,154,4850,1,1,1,0,1,0
695000,2016,82445,1248,4490,1730,1485,5,43,89,4000,200,1750,2,0,1,0,1,0
600000,2014,75574,1497,4440,1695,1495,5,40,117,6600,145,4600,2,1,1,0,1,0
315000,2012,75000,1197,3585,1595,1550,5,35,79,6000,112,4000,1,1,1,0,1,0
775000,2019,14095,1499,3999,1765,1708,5,52,109,6300,140,4400,1,1,1,0,1,0
415000,2014,70000,1461,4315,1822,1695,5,50,108,3900,248,2250,1,0,1,0,1,0
765000,2017,68000,1248,4296,1695,1685,7,45,89,4000,200,1750,1,0,1,0,1,0
520000,2018,40000,1197,3850,1695,1530,5,42,83,6000,115,4000,2,1,1,0,1,0
850000,2016,72000,1582,4270,1780,1630,5,60,126,4000,265,1900,1,0,1,0,1,0
969999,2016,39000,1248,4296,1695,1685,7,45,89,4000,200,1750,1,0,1,0,1,0
575000,2016,62000,1248,3995,1745,1500,5,37,74,4000,190,2000,1,0,1,0,1,0
1395000,2013,65000,1995,4633,1811,1429,5,57,188,4000,400,1750,2,0,0,0,0,1
1499000,2021,22000,1493,3995,1790,1647,5,45,113,4000,250,1500,1,0,0,0,1,0
1300000,2016,55000,1798,4670,1814,1476,5,50,177,5100,250,1250,2,1,0,0,1,0
450000,2017,65000,1197,3850,1695,1530,5,42,83,6000,115,4000,1,1,1,0,1,0
675000,2015,48000,1498,4386,1683,1603,7,42,99,3600,200,1750,1,0,1,0,1,0
280000,2018,48000,796,3395,1490,1475,5,35,47,6000,69,3500,2,1,1,0,1,0
425000,2018,18000,998,3599,1495,1700,5,35,67,6200,90,3500,1,1,1,0,1,0
1250000,2012,78000,2143,4596,1770,1447,5,66,170,4200,400,2800,1,0,0,0,0,1
1175000,2014,87938,2199,4690,1880,1690,7,64,194,3800,437,1800,2,0,0,1,0,0
500000,2016,26000,1197,3995,1695,1555,5,42,83,6000,115,4000,1,1,1,0,1,0
390000,2015,70000,998,3600,1600,1560,5,35,67,6000,90,3500,1,1,0,0,1,0
250000,2012,54556,1197,3585,1595,1550,5,35,79,6000,112,4000,1,1,1,0,1,0
685000,2019,74000,1197,3995,1735,1515,5,37,89,6000,113,4400,1,1,1,0,1,0
320000,2016,64000,799,3679,1579,1478,5,28,53,5678,72,4386,1,1,1,0,1,0
620000,2016,85000,1598,4300,1765,1590,5,48,118,3750,320,1750,2,0,1,0,1,0
600000,2018,54000,1197,3850,1695,1530,5,42,83,6000,115,4000,1,1,1,0,1,0
1015000,2015,68566,1582,4270,1780,1630,5,60,126,4000,265,1900,1,0,0,0,1,0
390000,2009,68195,1794,4540,1760,1480,5,55,132,6000,170,4200,1,1,1,0,1,0
755000,2017,57000,1373,4490,1730,1485,5,43,91,6000,130,4000,1,1,1,0,1,0
416000,2014,60116,998,3600,1600,1560,5,35,67,6000,90,3500,1,1,0,0,1,0
325000,2010,82202,1248,4160,1690,1530,5,43,75,4000,190,2000,2,0,1,0,1,0
218000,2008,51000,1061,3520,1475,1690,5,35,67,6200,84,3500,2,1,1,0,1,0
650000,2017,86000,1248,4490,1730,1485,5,43,89,4000,200,1750,1,0,1,0,1,0
790000,2018,41000,1498,3999,1734,1601,5,40,99,3600,200,1750,1,0,1,0,1,0
540000,2015,76000,1498,4440,1695,1495,5,40,99,3600,200,1750,1,0,1,0,1,0
375000,2011,120000,1248,3850,1695,1530,5,42,74,4000,190,2000,1,0,1,0,1,0
245000,2009,114000,1298,4160,1690,1530,5,43,87,6000,113,4500,1,1,1,0,1,0
260000,2015,25862,998,3600,1600,1560,5,35,67,6000,90,3500,1,1,1,0,1,0
240000,2010,72000,1399,3795,1680,1427,5,45,69,4000,160,2000,1,0,1,0,1,0
800000,2015,90000,1582,4270,1780,1630,5,60,126,4000,265,1900,1,0,1,0,1,0
745000,2016,38000,1497,4440,1695,1495,5,40,117,6600,145,4600,1,1,1,0,1,0
675000,2019,74237,1199,3995,1695,1501,5,35,89,6000,110,4800,1,1,1,0,1,0
620000,2019,42356,1197,3995,1745,1500,5,37,83,6000,115,4000,1,1,1,0,1,0
297000,2013,84000,1248,4490,1735,1560,5,50,89,4000,200,1750,1,0,1,0,1,0
500000,2016,114000,1364,3775,1695,1510,5,45,67,3800,170,1800,1,0,1,0,1,0
1149000,2019,26894,1591,4440,1729,1475,5,45,121,6400,151,4850,1,1,0,0,1,0
235000,2009,107000,1086,3565,1595,1550,5,35,67,5500,99,2800,3,1,1,0,1,0
749000,2017,114000,1598,4300,1765,1590,5,48,118,3750,320,1750,1,0,1,0,1,0
785000,2017,44000,1493,3995,1835,1839,7,60,100,3750,240,1600,1,0,1,0,0,1
750000,2017,72000,1396,3995,1760,1555,5,45,89,4000,220,1500,1,0,1,0,1,0
320000,2014,54000,998,3620,1475,1460,5,35,67,6200,90,3500,1,1,1,0,1,0
944999,2019,88000,1493,3995,1795,1817,7,60,100,3750,240,1600,1,0,1,0,0,1
811000,2018,44153,1248,4395,1735,1690,7,45,89,4000,200,1750,1,0,1,0,1,0
725000,2016,42000,1582,4375,1700,1475,5,43,126,4000,260,1900,1,0,1,0,1,0
650000,2017,49422,1197,3765,1660,1520,5,43,81,6000,114,4000,1,1,0,0,1,0
590000,2015,75258,1497,4440,1695,1495,5,40,117,6600,145,4600,1,1,0,0,1,0
695000,2016,68921,1248,3995,1745,1500,5,37,74,4000,190,2000,1,0,1,0,1,0
799000,2018,79800,1582,4375,1700,1475,5,43,126,4000,260,1900,1,0,1,0,1,0
325000,2013,53000,1198,3970,1682,1453,5,45,74,5400,110,3750,2,1,1,0,1,0
1190000,2018,59000,2179,4456,1820,1995,7,60,120,4000,280,1800,1,0,1,0,0,1
750000,2021,58000,1197,3995,1745,1500,5,37,83,6000,115,4000,1,1,1,0,1,0
1075000,2019,28000,998,3995,1770,1605,5,45,118,6000,172,1500,1,1,0,0,1,0
650000,2019,15000,1197,3765,1660,1520,5,43,81,6000,114,4000,1,1,0,0,1,0
425000,2014,53610,1198,3990,1680,1505,5,35,87,6000,109,4500,2,1,1,0,1,0
445000,2014,75000,1461,4331,1822,1671,5,50,84,3750,200,1900,1,0,1,0,1,0
1225000,2022,16000,1462,4445,1775,1700,6,45,103,6000,138,4400,1,1,1,0,1,0
1350000,2015,60000,1968,4456,1796,1416,5,50,141,3500,320,1750,1,0,0,0,1,0
1450000,2014,45000,2143,4596,1770,1447,5,66,170,4200,400,2800,1,0,0,0,0,1
141000,2009,56400,1086,3565,1525,1590,5,35,62,5500,96,3000,3,1,1,0,1,0
1375000,2017,70000,1582,4270,1780,1630,5,60,126,4000,265,1900,1,0,0,0,1,0
525000,2015,68244,1498,3955,1694,1544,5,40,98,3600,200,1750,2,0,1,0,1,0
405000,2018,34000,814,3495,1550,1500,5,32,55,5500,75,4000,1,1,1,0,1,0
875000,2019,36000,1497,4440,1695,1495,5,40,117,6600,145,4600,1,1,1,0,1,0
355000,2014,68005,1197,3850,1695,1530,5,42,85,6000,114,4000,1,1,1,0,1,0
925000,2018,74797,1498,3998,1765,1647,5,52,99,3750,205,1750,1,0,1,0,1,0
625000,2019,31000,1197,3985,1734,1505,5,45,82,6000,115,4000,1,1,1,0,1,0
425000,2020,7520,999,3429,1560,1541,5,28,67,5500,91,4250,1,1,1,0,1,0
550000,2015,58078,1197,3765,1660,1520,5,43,81,6000,114,4000,2,1,1,0,1,0
434999,2014,79081,1598,4384,1699,1466,5,55,103,4400,250,1500,1,0,1,0,1,0
425000,2015,11628,1197,3995,1660,1520,5,43,81,6000,114,4000,1,1,1,0,1,0
675000,2017,81323,1498,3998,1765,1647,5,52,99,3750,205,1750,1,0,1,0,1,0
675000,2016,50000,1248,3995,1790,1640,5,48,89,4000,200,1750,1,0,1,0,1,0
730000,2017,80000,1248,3995,1790,1640,5,48,89,4000,200,1750,1,0,1,0,1,0
301000,2011,28513,1197,3850,1695,1530,5,42,85,6000,114,4000,1,1,1,0,1,0
225000,2013,87000,1399,3795,1680,1427,5,45,68,4000,160,2000,1,0,1,0,1,0
285000,2017,45600,796,3395,1490,1475,5,35,47,6000,69,3500,1,1,1,0,1,0
350000,2013,78000,1598,4384,1699,1466,5,55,103,4400,250,1500,2,0,1,0,1,0
395000,2017,46992,1199,3746,1647,1535,5,35,84,6000,114,3500,1,1,1,0,1,0
500000,2016,54440,1199,3955,1694,1544,5,40,89,6000,110,4800,1,1,1,0,1,0
620000,2016,64906,1248,4296,1695,1685,7,45,89,4000,200,1750,1,0,1,0,1,0
565000,2017,64000,1373,4490,1730,1485,5,43,91,6000,130,4000,1,1,1,0,1,0
550000,2018,56000,1197,3765,1660,1520,5,43,81,6000,114,4000,1,1,1,0,1,0
1550000,2022,12000,2179,4456,1820,1995,7,60,137,3750,319,1500,1,0,1,0,0,1
711000,2018,67900,1248,3995,1790,1640,5,48,89,4000,200,1750,1,0,1,0,1,0
375000,2018,48144,1199,3992,1677,1537,5,35,84,6000,114,3500,1,1,1,0,1,0
245000,2016,64000,998,3545,1490,1475,5,35,67,6000,90,3500,1,1,1,0,1,0
690000,2016,38000,1498,4440,1695,1495,5,40,99,3600,200,1750,1,0,1,0,1,0
944999,2016,65321,2494,4585,1765,1760,8,55,101,3600,200,1200,1,0,1,0,0,1
1350000,2014,80000,1595,4292,1780,1433,4,50,121,5000,200,1250,3,1,0,0,1,0
850000,2018,37093,1248,3995,1790,1640,5,48,89,4000,200,1750,1,0,1,0,1,0
1200000,2021,37230,999,4390,1699,1467,5,55,109,5000,175,1750,1,1,1,0,1,0
329000,2014,76116,998,3600,1600,1560,5,35,67,6000,90,3500,1,1,0,0,1,0
300000,2010,83359,1799,4545,1750,1450,5,50,130,6300,171,4300,1,1,1,0,1,0
250000,2014,25000,814,3495,1550,1500,5,32,55,5500,75,4000,1,1,1,0,1,0
409999,2014,55000,1197,3765,1660,1520,5,43,81,6000,114,4000,1,1,1,0,1,0
575000,2019,71569,1498,3886,1695,1525,5,40,99,3750,215,1750,1,0,1,0,1,0
270000,2012,41200,1197,3585,1595,1550,5,35,79,6000,112,4000,1,1,1,0,1,0
434999,2013,117000,2179,4430,1817,1975,8,60,120,4000,290,1800,1,0,1,0,0,1
465000,2014,65000,1197,3995,1695,1555,5,42,85,6000,114,4000,2,1,1,0,1,0
350000,2011,21000,1197,3585,1595,1550,5,35,79,6000,112,4000,1,1,1,0,1,0
900000,2020,23000,998,3995,1770,1605,5,45,118,6000,172,1500,1,1,1,0,1,0
595000,2016,26357,1197,3850,1695,1530,5,42,83,6000,115,4000,1,1,1,0,1,0
1260000,2018,33500,1591,4270,1780,1630,5,60,122,6400,154,4850,1,1,0,0,1,0
599000,2015,72000,1248,4265,1695,1685,7,45,89,4000,200,1750,1,0,1,0,1,0
636000,2021,35500,1197,3995,1745,1500,5,37,83,6000,115,4000,1,1,1,0,1,0
950000,2018,63000,1396,4270,1780,1630,5,60,89,4000,224,1500,1,0,1,0,1,0
800000,2017,52836,1598,4300,1765,1590,5,48,118,3750,320,1750,1,0,1,0,1,0
434000,2017,50000,998,3715,1635,1565,5,35,67,6000,90,3500,1,1,0,0,1,0
625000,2016,72114,1396,3985,1734,1505,5,45,89,4000,220,1500,1,0,1,0,1,0
1490000,2012,42000,1968,4915,1874,1455,5,65,177,3750,380,1750,1,0,0,0,1,0
295000,2015,31000,998,3545,1490,1475,5,35,67,6000,90,3500,1,1,1,0,1,0
450000,2018,32000,1196,3675,1475,1800,7,40,73,6000,101,3000,2,1,1,0,0,1
635000,2016,72200,1498,4440,1695,1495,5,40,99,3600,200,1750,1,0,1,0,1,0
575000,2013,72000,2179,4655,1965,1922,7,55,138,4000,320,1700,2,0,1,0,0,1
590000,2016,77000,1598,4300,1765,1590,5,48,118,3750,320,1750,1,0,1,0,1,0
1199000,2020,26497,1497,4440,1695,1495,5,40,117,6600,145,4600,2,1,1,0,1,0
380000,2013,57000,1197,3585,1595,1550,5,35,79,6000,112,4000,1,1,0,0,1,0
365000,2015,20100,998,3545,1490,1475,5,35,67,6000,90,3500,1,1,0,0,1,0
1000000,2010,67000,1798,4701,1826,1427,5,63,170,3800,320,1400,2,1,0,0,1,0
1275000,2021,30000,1493,4315,1800,1645,5,50,113,4000,250,1500,1,0,0,0,1,0
630000,2015,115339,1493,3995,1835,1839,7,60,100,3750,240,1600,2,0,1,0,0,1
890000,2017,49000,1591,4270,1780,1630,5,60,122,6400,154,4850,1,1,1,0,1,0
540000,2015,59000,1396,3995,1760,1555,5,45,89,4000,220,1500,1,0,1,0,1,0
400000,2013,71000,1582,4370,1700,1475,5,43,126,4000,260,1900,1,0,1,0,1,0
800000,2018,68000,1396,4270,1780,1630,5,60,89,4000,224,1500,1,0,1,0,1,0
780000,2017,94827,1248,3995,1790,1640,5,48,89,4000,200,1750,1,0,1,0,1,0
220000,2010,62000,998,3600,1475,1595,5,35,67,6200,90,3500,1,1,1,0,1,0
990000,2019,54572,1248,3995,1790,1640,5,48,89,4000,200,1750,1,0,1,0,1,0
325000,2010,56000,1497,4420,1695,1480,5,42,118,6600,146,4600,1,1,0,0,1,0
325000,2011,89000,1497,4420,1695,1480,5,42,118,6600,146,4600,2,1,0,0,1,0
549000,2014,42000,1498,4386,1699,1466,5,55,103,4400,250,1500,1,0,0,0,1,0
340000,2017,6000,1461,3805,1665,1525,5,41,63,4000,160,2000,1,0,1,0,1,0
425000,2013,79500,1498,3990,1680,1505,5,35,99,3600,200,1750,1,0,1,0,1,0
550000,2018,50000,1197,3850,1695,1530,5,42,83,6000,115,4000,1,1,1,0,1,0
550000,2014,65000,1461,4331,1822,1671,5,50,108,3900,248,2250,1,0,1,0,1,0
555000,2018,20000,1199,3746,1647,1535,5,35,84,6000,114,3500,1,1,0,0,1,0
391000,2017,24000,998,3600,1600,1560,5,35,67,6000,90,3500,1,1,1,0,1,0
560000,2017,36000,1197,3700,1690,1595,5,32,82,6000,113,4200,1,1,0,0,1,0
1420000,2013,117000,1968,4385,1831,1608,5,64,174,4200,380,1750,1,0,0,1,0,0
950000,2021,24000,999,3971,1682,1469,5,45,109,5000,175,1750,1,1,1,0,1,0
490000,2017,82000,1197,3995,1745,1500,5,37,83,6000,115,4000,1,1,1,0,1,0
1044999,2016,78000,1582,4270,1780,1630,5,60,126,4000,265,1900,1,0,1,0,1,0
1125000,2019,50000,1591,4370,1700,1475,5,43,121,6300,158,4200,1,1,0,0,1,0
260000,2009,77000,1298,4160,1690,1530,5,43,87,6000,113,4500,2,1,1,0,1,0
165000,2009,55000,1197,3565,1595,1550,5,35,80,5200,111,4000,1,1,1,0,1,0
490000,2018,66000,1197,3995,1660,1520,5,43,81,6000,114,4000,1,1,1,0,1,0
185000,2012,37000,998,3620,1475,1460,5,35,67,6200,90,3500,1,1,1,0,1,0
375000,2012,80350,1497,4440,1695,1485,5,42,116,6600,146,4800,1,1,1,0,1,0
975000,2013,102000,2143,4596,1770,1447,5,66,170,4200,400,2800,1,0,0,0,0,1
450000,2016,48200,1197,3850,1695,1530,5,42,83,6000,115,4000,2,1,1,0,1,0
459999,2015,55000,1248,3995,1695,1555,5,42,74,4000,190,2000,2,0,1,0,1,0
700000,2020,25000,1197,3995,1775,1505,5,37,82,6000,115,4200,1,1,1,0,1,0
1025000,2020,20124,999,3971,1682,1469,5,45,109,5000,175,1750,1,1,1,0,1,0
380000,2015,55660,1197,3765,1660,1520,5,43,81,6000,114,4000,1,1,1,0,1,0
819999,2015,94580,1798,4659,1814,1476,5,50,177,4500,250,1250,1,1,0,0,1,0
725000,2016,57000,1248,4490,1730,1485,5,43,89,4000,200,1750,1,0,1,0,1,0
700000,2022,1000,1199,3995,1695,1501,5,35,89,6000,110,4800,1,1,1,0,1,0
1350000,2019,79000,1493,4315,1800,1645,5,50,113,4000,250,1500,2,0,1,0,1,0
450000,2011,95000,2179,4430,1817,1975,8,60,120,4000,290,1800,1,0,1,0,0,1
250000,2011,53000,1197,3585,1595,1550,5,35,79,6000,112,4000,1,1,1,0,1,0
819999,2020,30000,1396,3985,1734,1505,5,45,89,4000,220,1500,1,0,1,0,1,0
790000,2016,63088,1497,4440,1695,1495,5,40,117,6600,145,4600,1,1,1,0,1,0
150000,2008,62000,1086,3565,1595,1550,5,35,67,5500,99,2800,2,1,1,0,1,0
390000,2014,81000,1120,3995,1660,1520,5,43,71,4000,180,1750,1,0,1,0,1,0
385000,2011,73000,1591,4370,1700,1475,5,43,121,6300,158,4200,1,1,1,0,1,0
547000,2013,36623,1591,4370,1700,1475,5,43,121,6300,158,4200,1,1,1,0,1,0
1295000,2018,30000,1591,4270,1780,1665,5,55,122,6400,151,4850,1,1,0,0,1,0
250000,2011,64000,1197,3585,1595,1550,5,35,79,6000,112,4000,1,1,1,0,1,0
890000,2017,70000,1248,3995,1790,1640,5,48,89,4000,200,1750,2,0,1,0,1,0
775000,2018,40000,1197,3995,1745,1510,5,37,82,6000,113,4200,1,1,0,0,1,0
500000,2014,62000,1498,3987,1698,1483,5,45,89,4200,230,1500,1,0,1,0,1,0
675000,2011,97000,2143,4596,2020,1447,5,66,207,4200,500,1600,1,0,0,0,0,1
525000,2014,43550,1198,3970,1682,1453,5,45,74,5400,110,3750,1,1,1,0,1,0
850000,2019,28000,1498,3998,1765,1647,5,52,99,3750,205,1750,1,0,1,0,1,0
390000,2018,47874,999,3679,1579,1478,5,28,67,5500,91,4250,1,1,1,0,1,0
965000,2018,87001,1582,4375,1700,1475,5,43,126,4000,260,1900,1,0,1,0,1,0
1390000,2014,85900,1968,4456,1796,1416,5,50,141,3500,320,1750,1,0,0,0,1,0
950000,2022,10000,1197,3995,1735,1515,5,37,89,6000,113,4400,1,1,0,0,1,0
409999,2014,55000,1197,3850,1695,1530,5,42,85,6000,114,4000,1,1,1,0,1,0
575000,2017,69508,1498,3995,1682,1483,5,45,109,4000,250,1500,2,0,1,0,1,0
1450000,2022,2500,1498,4549,1748,1489,5,40,98,3600,200,1750,1,0,1,0,1,0
823000,2018,90000,1462,4490,1730,1485,5,43,103,6000,138,4400,1,1,0,0,1,0
335000,2016,64000,1186,3765,1660,1520,5,43,74,4000,190,1750,2,0,1,0,1,0
649000,2020,52236,1197,3765,1660,1520,5,43,81,6000,114,4000,1,1,1,0,1,0
400000,2013,76000,1497,4440,1695,1485,5,42,116,6600,146,4800,1,1,1,0,1,0
1190000,2018,76000,1582,4270,1780,1630,5,60,126,4000,265,1900,1,0,0,0,1,0
990000,2015,98000,2494,4585,1765,1760,7,55,101,3600,200,1200,1,0,1,0,0,1
725000,2017,36597,1197,3985,1734,1505,5,45,82,6000,115,4000,2,1,1,0,1,0
575000,2015,48000,1373,4490,1730,1485,5,43,91,6000,130,4000,1,1,1,0,1,0
725000,2016,53000,1373,4296,1695,1685,7,45,94,6000,130,4000,1,1,1,0,1,0
380000,2013,35000,1461,4425,1695,1505,5,41,85,3750,200,2000,1,0,1,0,1,0
434999,2014,50000,1199,3990,1680,1505,5,35,89,6000,110,4800,1,1,0,0,1,0
425000,2016,52600,1198,3971,1682,1469,5,45,74,5400,110,3750,1,1,1,0,1,0
675000,2020,25000,1199,3995,1695,1501,5,35,89,6000,110,4800,1,1,1,0,1,0
399000,2014,74000,1197,3995,1660,1520,5,43,81,6000,114,4000,1,1,1,0,1,0
685000,2015,85000,1498,4384,1699,1466,5,55,103,4400,250,1500,1,0,0,0,1,0
390000,2014,46000,1197,3765,1660,1520,5,43,81,6000,114,4000,1,1,1,0,1,0
525000,2014,64000,1582,4370,1700,1475,5,43,126,4000,260,1900,2,0,1,0,1,0
275000,2009,80000,1497,4420,1695,1480,5,42,118,6600,146,4600,1,1,1,0,1,0
434999,2015,32545,1197,3895,1735,1555,5,45,79,5600,104,3100,1,1,1,0,1,0
500000,2015,50000,1248,3995,1695,1555,5,42,74,4000,190,2000,2,0,1,0,1,0
400000,2015,65000,1248,3995,1695,1555,5,42,74,4000,190,2000,2,0,1,0,1,0
225000,2012,26000,1086,3585,1595,1550,5,35,68,5500,99,4500,1,1,1,0,1,0
965000,2021,27000,1497,3995,1821,1627,5,42,115,3750,300,1500,1,0,1,0,1,0
825000,2017,62000,1396,4270,1780,1630,5,60,89,4000,224,1500,1,0,1,0,1,0
254999,2012,17000,1086,3565,1525,1590,5,35,62,5500,96,3000,1,1,1,0,1,0
525000,2015,39234,2523,4107,1745,1880,7,60,63,3200,195,1400,2,0,1,0,0,1
285000,2013,72000,1498,3999,1765,1708,5,52,89,3750,204,2000,1,0,1,0,1,0
229999,2011,41215,936,3640,1595,1520,5,35,58,4000,150,1750,1,0,1,0,1,0
200000,2011,51000,998,3620,1475,1460,5,35,67,6200,90,3500,2,1,1,0,1,0
1011000,2019,74179,1248,3995,1790,1640,5,48,89,4000,200,1750,1,0,0,0,1,0
1063000,2019,31056,1598,4300,1765,1590,5,48,118,3750,320,1750,1,0,1,0,1,0
675000,2016,49148,1373,4265,1695,1685,7,45,94,6000,130,4000,2,1,0,0,1,0
690000,2015,59000,1497,4440,1695,1495,5,40,117,6600,145,4600,1,1,0,0,1,0
1525000,2016,32000,1968,4456,1796,1416,5,50,141,3500,320,1750,1,0,0,0,1,0
1123000,2017,80000,1582,4440,1729,1475,5,45,126,4000,260,1500,1,0,0,0,1,0
990000,2019,21894,1462,4395,1735,1690,7,45,103,6000,138,4400,1,1,0,0,1,0
515000,2015,63587,1498,3990,1680,1505,5,35,99,3600,200,1750,1,0,1,0,1,0
850000,2019,32000,1462,4490,1730,1485,5,43,103,6000,138,4400,1,1,0,0,1,0
865000,2018,53694,1248,3995,1790,1640,5,48,89,4000,200,1750,2,0,1,0,1,0
1450000,2014,58000,1968,4915,1874,1455,5,65,177,3750,380,1750,2,0,0,0,1,0
650000,2015,104000,2523,4456,1820,1930,8,60,75,3200,200,1400,1,0,1,0,0,1
1175000,2013,50000,1968,4701,1826,1427,5,63,177,4200,380,1750,1,0,0,0,1,0
325000,2017,56000,814,3495,1550,1500,5,32,55,5500,75,4000,1,1,1,0,1,0
525000,2014,48000,1461,4315,1822,1695,5,50,84,3750,200,1900,1,0,1,0,1,0
1225000,2021,23000,1462,4395,1735,1690,7,45,103,6000,138,4400,1,1,1,0,1,0
550000,2015,33000,1197,3985,1734,1505,5,45,82,6000,115,4000,1,1,1,0,1,0
1275000,2019,58900,1582,4270,1780,1665,5,55,126,4000,260,1500,1,0,1,0,1,0
434999,2019,32000,799,3679,1579,1478,5,28,53,5678,72,4386,1,1,1,0,1,0
775000,2017,71000,1373,4296,1695,1685,7,45,94,6000,130,4000,1,1,1,0,1,0
185000,2008,61000,1197,3565,1595,1550,5,35,80,5200,111,4000,3,1,0,0,1,0
560000,2017,29000,1197,3765,1660,1520,5,43,81,6000,114,4000,1,1,1,0,1,0
635000,2016,92000,1248,4490,1730,1485,5,43,89,4000,200,1750,2,0,1,0,1,0
650000,2020,42000,1197,3995,1735,1515,5,37,89,6000,113,4400,1,1,1,0,1,0
345000,2019,60969,1198,3785,1635,1485,5,35,67,5000,104,4000,1,1,1,0,1,0
1380000,2014,100000,1968,4701,1826,1427,5,63,141,4200,320,1750,1,0,0,0,1,0
585000,2018,31000,1373,4490,1730,1485,5,43,91,6000,130,4000,1,1,1,0,1,0
690000,2020,55000,1197,3995,1745,1510,5,37,82,6000,113,4200,1,1,1,0,1,0
850000,2018,65000,2179,4788,1903,1791,7,60,154,4000,400,1700,1,0,1,0,0,1
275000,2013,85785,1248,3775,1680,1620,5,43,73,4000,190,2000,2,0,1,0,1,0
690000,2018,38000,1598,4390,1699,1467,5,55,103,5250,153,3800,1,1,1,0,1,0
1130000,2020,12905,998,3995,1775,1505,5,37,118,6000,172,1500,1,1,1,0,1,0
725000,2018,65000,1497,3994,1811,1607,5,44,108,3750,260,1500,2,0,1,0,1,0
595000,2019,48000,1197,3985,1734,1505,5,40,82,6000,115,4000,1,1,1,0,1,0
290000,2011,91000,1197,3585,1595,1550,5,35,79,6000,112,4000,1,1,1,0,1,0
1080000,2020,52000,1497,3995,1821,1627,5,42,115,3750,300,1500,1,0,1,0,1,0
299000,2013,90000,1364,4265,1695,1510,5,45,68,3600,170,2400,3,0,1,0,1,0
390000,2014,67000,1198,3990,1680,1505,5,35,87,6000,109,4500,1,1,0,0,1,0
875000,2015,67000,2179,4456,1820,1995,8,60,120,4000,280,1800,1,0,1,0,0,1
1175000,2021,37556,1396,3995,1770,1605,5,45,89,4000,220,1500,1,0,1,0,1,0
260000,2012,54000,998,3620,1475,1460,5,35,67,6200,90,3500,1,1,1,0,1,0
650000,2019,42000,1198,3990,1680,1505,5,35,87,6000,109,4500,1,1,1,0,1,0
625000,2017,55000,1198,3995,1682,1483,5,45,74,5400,110,3750,1,1,1,0,1,0
375000,2013,34000,1197,3585,1595,1550,5,35,79,6000,112,4000,1,1,0,0,1,0
639000,2020,44300,998,3695,1600,1560,5,35,67,6000,90,3500,1,1,0,0,1,0
591000,2015,65000,1248,4490,1730,1485,5,43,89,4000,200,1750,1,0,1,0,1,0
250000,2009,110000,1497,4420,1695,1480,5,42,118,6600,146,4600,1,1,0,0,1,0
1399000,2021,11000,1497,4315,1800,1645,5,50,113,6300,144,4500,1,1,1,0,1,0
175000,2009,65000,1086,3565,1595,1550,5,35,67,5500,99,2800,2,1,1,0,1,0
625000,2017,81000,1461,4315,1822,1695,5,50,84,3750,200,1900,1,0,1,0,1,0
575000,2015,50599,1197,3850,1695,1530,5,42,85,6000,114,4000,2,1,1,0,1,0
785000,2018,23000,1199,3955,1694,1544,5,40,89,6000,110,4800,1,1,0,0,1,0
475000,2016,69001,1499,3999,1765,1708,5,52,110,6300,140,4400,1,1,1,0,1,0
415000,2014,62000,1582,4370,1700,1475,5,43,126,4000,260,1900,2,0,1,0,1,0
375000,2012,82000,1336,3995,1710,1505,5,45,89,4000,219,1500,1,0,1,0,1,0
300000,2011,49200,1496,4265,1695,1510,5,45,80,5600,132,3000,1,1,1,0,1,0
1500000,2021,8000,1997,3985,1820,1844,4,57,150,5000,300,1250,2,1,1,1,0,0
975000,2019,58000,1248,3995,1790,1640,5,48,89,4000,200,1750,1,0,1,0,1,0
370000,2015,64000,998,3545,1490,1475,5,35,67,6000,90,3500,1,1,1,0,1,0
250000,2012,48568,1086,3585,1595,1550,5,35,68,5500,99,4500,1,1,1,0,1,0
130000,2009,59000,1086,3565,1595,1550,5,35,67,5500,99,2800,2,1,1,0,1,0
299000,2013,47000,1197,3850,1695,1530,5,42,85,6000,114,4000,1,1,1,0,1,0
300000,2014,40000,1197,3995,1710,1505,5,45,83,6000,113,4000,1,1,1,0,1,0
500000,2015,90000,1248,3995,1695,1555,5,42,74,4000,190,2000,1,0,1,0,1,0
595000,2015,45000,1197,3995,1760,1555,5,45,82,6000,115,4000,1,1,1,0,1,0
484999,2018,44000,998,3715,1635,1565,5,35,67,6000,90,3500,1,1,0,0,1,0
579000,2019,50860,1197,3655,1620,1675,5,32,82,6000,113,4200,1,1,1,0,1,0
775000,2017,67000,1461,4315,1822,1695,5,50,108,3900,248,2250,1,0,0,0,1,0
345000,2014,19000,998,3600,1600,1560,5,35,67,6000,90,3500,2,1,0,0,1,0
525000,2016,18800,1199,3955,1694,1544,5,40,89,6000,110,4800,1,1,1,0,1,0
650000,2016,100000,1197,3985,1734,1505,5,45,82,6000,115,4000,1,1,1,0,1,0
1074000,2017,50050,1591,4270,1780,1630,5,60,122,6400,154,4850,1,1,0,0,1,0
590000,2014,55000,1461,4331,1822,1671,5,50,84,3750,200,1900,2,0,1,0,1,0
630000,2019,20734,998,3695,1600,1560,5,35,67,6000,90,3500,1,1,0,0,1,0
425000,2014,75000,1498,3990,1680,1505,5,35,99,3600,200,1750,1,0,1,0,1,0
250000,2009,72256,1497,4420,1695,1480,5,42,118,6600,146,4600,1,1,1,0,1,0
985000,2017,68000,2179,4456,1820,1995,8,60,120,4000,280,1800,1,0,1,0,0,1
750000,2019,43600,998,3995,1770,1605,5,45,118,6000,172,1500,1,1,0,0,1,0
450000,2018,43000,998,3636,1475,1670,5,35,67,6200,90,3500,1,1,1,0,1,0
849000,2021,17283,1462,3995,1790,1640,5,48,103,6000,138,4400,1,1,1,0,1,0
430000,2014,59000,1197,3995,1695,1555,5,42,85,6000,114,4000,1,1,1,0,1,0
740000,2017,88000,1248,4296,1695,1685,7,45,89,4000,200,1750,1,0,1,0,1,0
1260000,2018,36000,1591,4270,1780,1665,5,55,122,6400,151,4850,1,1,0,0,1,0
250000,2017,32000,799,3679,1579,1478,5,28,53,5678,72,4386,1,1,1,0,1,0
975000,2018,53300,1591,4440,1729,1475,5,45,121,6400,151,4850,1,1,0,0,1,0
600000,2016,92000,1493,3995,1835,1839,7,60,84,3750,230,1500,2,0,1,0,0,1
1465000,2019,22000,1999,4570,1800,1465,5,50,150,6200,192,4000,2,1,0,0,1,0
475000,2014,62000,1591,4370,1700,1475,5,43,121,6300,158,4200,1,1,1,0,1,0
1000000,2022,4000,999,3991,1750,1605,5,40,71,6250,96,3500,2,1,0,0,1,0
570000,2015,60798,1373,4490,1730,1485,5,43,91,6000,130,4000,1,1,1,0,1,0
770000,2016,20000,1591,4375,1700,1475,5,43,121,6300,158,4200,1,1,0,0,1,0
1040000,2019,18000,1497,4440,1695,1495,5,40,117,6600,145,4600,1,1,0,0,1,0
675000,2014,78000,2179,4430,1817,1975,8,60,120,4000,290,1800,2,0,1,0,0,1
450000,2014,52000,1197,3995,1695,1555,5,42,85,6000,114,4000,1,1,1,0,1,0
800000,2022,10000,1197,3845,1735,1530,5,37,89,6000,113,4400,1,1,1,0,1,0
560000,2018,84500,1248,3995,1735,1515,5,37,74,4000,190,2000,3,0,1,0,1,0
450000,2016,47000,1197,3765,1660,1520,5,43,81,6000,114,4000,2,1,1,0,1,0
810000,2018,73000,1582,4440,1729,1475,5,45,126,4000,260,1500,1,0,1,0,1,0
520000,2015,42000,1198,3955,1694,1544,5,40,87,6000,110,4800,1,1,0,0,1,0
425000,2015,36528,1248,3850,1695,1530,5,42,74,4000,190,2000,3,0,1,0,1,0
325000,2012,30000,1197,3850,1695,1530,5,42,85,6000,114,4000,1,1,1,0,1,0
950000,2018,41000,2523,4456,1820,1930,8,60,75,3200,200,1400,1,0,1,0,0,1
375000,2014,35000,998,3600,1600,1560,5,35,67,6000,90,3500,1,1,0,0,1,0
285000,2016,22346,796,3395,1490,1475,5,35,47,6000,69,3500,1,1,1,0,1,0
621000,2013,72000,1248,4265,1695,1685,7,45,89,4000,200,1750,1,0,1,0,1,0
399000,2018,38000,1197,3765,1660,1520,5,43,81,6000,114,4000,1,1,1,0,1,0
1325000,2021,9900,1591,4370,1700,1475,5,43,121,6300,158,4200,1,1,0,0,1,0
249000,2013,60000,1493,3985,1850,1880,7,55,100,3750,240,1600,1,0,1,0,0,1
509999,2019,48000,998,3695,1600,1560,5,35,67,6000,90,3500,1,1,1,0,1,0
1450000,2018,90000,1956,4395,1818,1640,5,60,171,3750,350,1750,1,0,1,1,0,0
640000,2017,63000,1598,4300,1765,1590,5,48,118,3750,320,1750,1,0,1,0,1,0
299000,2017,65822,793,3600,1600,1560,5,35,46,3500,125,2000,1,0,1,0,1,0
350000,2013,34000,1197,3775,1695,1510,5,45,80,5600,104,3100,1,1,1,0,1,0
1421000,2017,75000,2393,4735,1830,1795,7,55,148,3400,343,1400,2,0,1,0,0,1
595000,2017,99000,1199,3955,1694,1544,5,40,89,6000,110,4800,1,1,0,0,1,0
351000,2013,42000,1248,3995,1695,1555,5,42,74,4000,190,2000,1,0,1,0,1,0
825000,2019,44000,1462,4490,1730,1485,5,43,103,6000,138,4400,1,1,1,0,1,0
1050000,2017,88757,2179,4788,1903,1791,6,60,154,4000,400,1700,2,0,1,0,0,1
1525000,2015,49000,1968,4701,1826,1427,5,63,177,4200,380,1750,1,0,0,0,1,0
725000,2017,64000,1248,3995,1790,1640,5,48,89,4000,200,1750,1,0,1,0,1,0
340000,2011,109000,1794,4540,1760,1480,5,55,132,6000,170,4200,2,1,1,0,1,0
650000,2018,32000,1197,3995,1745,1500,5,37,83,6000,115,4000,1,1,1,0,1,0
570000,2019,13000,1197,3850,1695,1530,5,42,83,6000,115,4000,1,1,1,0,1,0
1220000,2020,35000,2179,4456,1820,1995,7,60,120,4000,280,1800,1,0,1,0,0,1
660000,2017,40000,1197,3995,1745,1500,5,37,83,6000,115,4000,1,1,0,0,1,0
575000,2017,53580,1199,3999,1734,1601,5,40,89,6000,110,4800,1,1,1,0,1,0
240000,2013,51500,1493,3985,1850,1880,7,55,100,3750,240,1600,2,0,1,0,0,1
950000,2019,22000,1497,4440,1695,1495,5,40,118,6600,145,4600,1,1,1,0,1,0
419000,2017,23700,799,3679,1579,1478,5,28,53,5678,72,4386,1,1,1,0,1,0
750000,2017,48069,1197,3995,1695,1555,5,42,83,6000,115,4000,1,1,0,0,1,0
1160000,2015,47981,1968,4659,1814,1476,5,50,141,4000,320,1750,1,0,0,0,1,0
475000,2016,16630,1197,3765,1660,1520,5,43,81,6000,114,4000,1,1,1,0,1,0
850000,2017,47255,1497,4440,1695,1495,5,40,117,6600,145,4600,1,1,1,0,1,0
305000,2018,34800,799,3679,1579,1478,5,28,53,5678,72,4386,1,1,1,0,1,0
385000,2013,72000,1461,4331,1822,1671,5,50,84,3750,200,1900,2,0,1,0,1,0
500000,2012,86288,1598,4386,1699,1466,5,55,103,4400,250,1500,1,0,1,0,1,0
655000,2017,24003,1199,3955,1694,1544,5,40,89,6000,110,4800,1,1,1,0,1,0
925000,2017,28000,1497,3994,1811,1607,5,44,108,3750,260,1500,1,0,1,0,1,0
690000,2017,65000,1396,3985,1734,1505,5,45,89,4000,220,1500,1,0,1,0,1,0
625000,2015,45000,1248,4265,1695,1685,7,45,89,4000,200,1750,2,0,1,0,1,0
844999,2018,71000,1582,4375,1700,1475,5,43,126,4000,260,1900,2,0,1,0,1,0
745000,2018,54000,1497,4453,1735,1666,7,42,117,6600,145,4600,1,1,0,0,1,0
650000,2015,49776,1493,3995,1835,1839,7,60,84,3750,230,1500,1,0,0,0,0,1
640000,2017,61000,1248,3995,1790,1640,5,48,89,4000,200,1750,1,0,1,0,1,0
395000,2014,47884,998,3600,1600,1560,5,35,67,6000,90,3500,1,1,0,0,1,0
1390000,2017,56000,1798,4670,1814,1476,5,50,177,5100,250,1250,1,1,0,0,1,0
365000,2010,58424,1497,4420,1695,1480,5,42,118,6600,146,4600,1,1,1,0,1,0
451000,2017,55000,1120,3995,1660,1520,5,43,71,4000,180,1750,1,0,1,0,1,0
880000,2018,47000,1598,4386,1699,1466,5,55,104,5250,153,3800,1,1,1,0,1,0
1180000,2019,38000,1591,4370,1700,1475,5,43,121,6300,158,4200,1,1,0,0,1,0
285000,2016,17000,796,3395,1490,1475,5,35,47,6000,69,3500,1,1,1,0,1,0
675000,2019,35000,1498,3995,1704,1525,5,40,99,3750,215,1750,1,0,1,0,1,0
1300000,2020,27000,1493,4315,1800,1645,5,50,113,4000,250,1500,1,0,1,0,1,0
825000,2021,6600,1197,3805,1680,1520,5,37,82,6000,114,4000,1,1,0,0,1,0
899000,2015,125000,2494,4585,1765,1760,8,55,101,3600,200,1200,3,0,1,0,0,1
409999,2021,13424,796,3445,1515,1475,5,35,47,6000,69,3500,1,1,1,0,1,0
280000,2011,69276,998,3620,1475,1460,5,35,67,6200,90,3500,1,1,1,0,1,0
811999,2017,31000,1582,4440,1729,1475,5,45,126,4000,260,1500,1,0,1,0,1,0
625000,2014,54000,1498,3971,1682,1469,5,45,89,4200,230,1500,1,0,1,0,1,0
725000,2017,75000,1248,3995,1790,1640,5,48,89,4000,200,1750,1,0,1,0,1,0
1450000,2014,71796,1968,4385,1831,1608,5,64,174,4200,380,1750,3,0,0,1,0,0
425000,2014,74000,1461,4331,1822,1671,5,50,84,3750,200,1900,2,0,1,0,1,0
250000,2013,82461,814,3495,1550,1500,5,32,55,5500,75,4000,1,1,1,0,1,0
800000,2018,66000,1248,3995,1735,1515,5,37,74,4000,190,2000,1,0,1,0,1,0
875000,2015,87000,2179,4456,1820,1995,8,60,120,4000,280,1800,1,0,1,0,0,1
525000,2019,32000,1199,3793,1665,1587,5,35,84,6000,114,3500,1,1,1,0,1,0
1520000,2021,14000,1997,3985,1820,1844,4,57,150,5000,300,1250,1,1,1,1,0,0
575000,2018,27239,998,3600,1600,1560,5,35,67,6000,90,3500,1,1,0,0,1,0
190000,2013,66000,995,3495,1495,1518,5,38,62,5400,90,4200,1,1,1,0,1,0
755000,2022,2272,1197,3805,1680,1520,5,37,82,6000,114,4000,1,1,1,0,1,0
1130000,2015,50000,1997,4545,1820,1685,5,58,154,6500,190,4300,1,1,0,0,1,0
610000,2017,38674,1197,3995,1695,1555,5,42,83,6000,115,4000,1,1,1,0,1,0
365000,2019,32000,999,3679,1579,1478,5,28,67,5500,91,4250,1,1,1,0,1,0
745000,2017,82000,1498,3999,1765,1708,5,52,99,3750,205,1750,1,0,1,0,1,0
1150000,2013,52000,1595,4359,2010,1557,5,50,120,5000,200,1250,2,1,0,0,1,0
200000,2014,56000,1120,3995,1660,1520,5,43,71,4000,180,1750,3,0,1,0,1,0
775000,2016,42000,1497,4440,1695,1495,5,40,117,6600,145,4600,1,1,0,0,1,0
860000,2016,57983,1591,4270,1780,1630,5,60,122,6400,154,4850,1,1,1,0,1,0
1100000,2019,26000,1582,4375,1700,1475,5,43,126,4000,260,1900,1,0,1,0,1,0
260000,2011,90000,1248,3995,1695,1555,5,42,74,4000,190,2000,2,0,1,0,1,0
1400000,2020,94182,1968,4670,1814,1476,5,50,141,3500,320,1750,1,0,0,0,1,0
515000,2022,3395,1086,3610,1645,1560,5,35,68,5500,99,4500,1,1,1,0,1,0
600000,2014,53213,1248,4265,1695,1685,7,45,89,4000,200,1750,1,0,1,0,1,0
1075000,2016,70000,1798,4620,1775,1475,5,55,138,6400,173,4000,1,1,1,0,1,0
575000,2020,40000,1199,3990,1755,1523,5,37,85,6000,113,3300,1,1,1,0,1,0
750000,2019,6200,1462,4490,1730,1485,5,43,103,6000,138,4400,1,1,1,0,1,0
755000,2017,75650,1498,3999,1734,1601,5,40,99,3600,200,1750,1,0,1,0,1,0
190000,2010,60000,1197,3565,1595,1550,5,35,80,5200,111,4000,3,1,1,0,1,0
425000,2014,89000,1248,3995,1695,1555,5,42,74,4000,190,2000,1,0,1,0,1,0
855000,2017,57000,1582,4375,1700,1475,5,43,126,4000,260,1900,2,0,1,0,1,0
225000,2012,56000,814,3495,1550,1500,5,32,55,5500,75,4000,1,1,1,0,1,0
1270000,2019,61805,2179,4456,1820,1995,7,60,140,3750,320,1500,1,0,1,0,0,1
750000,2019,33000,1198,3994,1811,1607,5,44,108,5000,170,1750,1,1,1,0,1,0
450000,2014,48000,998,3695,1600,1560,5,35,67,6000,90,3500,1,1,0,0,1,0
871000,2015,64000,1582,4270,1780,1630,5,60,126,4000,265,1900,1,0,1,0,1,0
495000,2016,53376,1198,3675,1715,1655,6,35,77,3750,190,1750,1,0,1,0,1,0
600000,2016,70000,1498,4440,1695,1495,5,40,99,3600,200,1750,1,0,1,0,1,0
595000,2014,65123,1582,4370,1700,1475,5,43,126,4000,260,1900,1,0,1,0,1,0
425000,2014,58600,1198,3990,1680,1505,5,35,87,6000,109,4500,1,1,1,0,1,0
1050000,2021,7500,998,3995,1770,1605,5,45,118,6000,172,1500,1,1,1,0,1,0
1299000,2019,39000,1582,4270,1780,1665,5,55,126,4000,260,1500,1,0,1,0,1,0
175000,2009,23000,1086,3565,1595,1550,5,35,67,5500,99,2800,1,1,1,0,1,0
994999,2019,27900,1462,4445,1775,1700,6,45,103,6000,138,4400,1,1,1,0,1,0
265000,2016,122000,999,3679,1579,1478,5,28,67,5500,91,4250,1,1,1,0,1,0
475000,2015,48000,1197,3995,1745,1500,5,37,83,6000,115,4000,1,1,1,0,1,0
660000,2018,9000,1197,3985,1734,1505,5,45,82,6000,115,4000,1,1,1,0,1,0
490000,2019,32000,999,3679,1579,1478,5,28,67,5500,91,4250,1,1,0,0,1,0
315000,2012,57000,1498,4425,1695,1505,5,41,98,6000,134,4000,1,1,1,0,1,0
341000,2016,49000,1198,3610,1680,1500,5,35,87,6000,109,4500,1,1,1,0,1,0
950000,2018,71000,1248,3995,1790,1640,5,48,89,4000,200,1750,2,0,1,0,1,0
409999,2014,20000,1197,3850,1695,1530,5,42,85,6000,114,4000,2,1,1,0,1,0
1050000,2021,5000,1248,4490,1730,1485,5,43,89,4000,200,1750,1,0,1,0,1,0
365000,2013,68000,1197,3850,1695,1530,5,42,85,6000,114,4000,1,1,1,0,1,0
595000,2015,43000,1498,3999,1765,1708,5,52,89,3750,204,2000,1,0,1,0,1,0
650000,2017,92000,1248,4490,1730,1485,5,43,89,4000,200,1750,2,0,1,0,1,0
521000,2017,40879,1197,3700,1690,1595,5,32,82,6000,113,4200,1,1,0,0,1,0
570000,2016,80000,1498,3999,1765,1708,5,52,99,3750,205,1750,1,0,1,0,1,0
299000,2018,19000,999,3679,1579,1478,5,28,67,5500,91,4250,1,1,1,0,1,0
350000,2012,130000,1598,4386,1699,1466,5,55,105,4400,250,2500,1,0,1,0,1,0
575000,2017,35000,1248,3995,1695,1555,5,42,74,4000,190,2000,1,0,1,0,1,0
335000,2013,64418,1198,3610,1680,1500,5,35,87,6000,109,4500,2,1,0,0,1,0
480000,2019,10265,1197,3765,1660,1520,5,43,81,6000,114,4000,1,1,1,0,1,0
350000,2012,85000,1498,4320,1764,1486,5,40,89,3750,204,2000,1,0,1,0,1,0
790000,2017,50000,1248,3995,1790,1640,5,48,89,4000,200,1750,1,0,1,0,1,0
180000,2014,48000,796,3395,1490,1475,5,35,47,6000,69,3500,3,1,1,0,1,0
551000,2019,39000,1120,3995,1660,1520,5,43,71,4000,160,1500,1,0,1,0,1,0
860000,2018,33030,1248,3995,1790,1640,5,48,89,4000,200,1750,1,0,1,0,1,0
375000,2013,86000,1497,4440,1695,1485,5,42,116,6600,146,4800,2,1,1,0,1,0
725000,2017,55000,1373,4490,1730,1485,5,43,91,6000,130,4000,1,1,0,0,1,0
400000,2017,35000,1197,3765,1660,1520,5,43,81,6000,114,4000,1,1,1,0,1,0
1250000,2018,90000,1956,4395,1818,1640,5,60,171,3750,350,1750,1,0,1,0,1,0
499000,2012,96506,1497,4440,1695,1485,5,42,116,6600,146,4800,2,1,1,0,1,0
399000,2014,88000,1598,4384,1699,1466,5,55,103,5250,153,3800,1,1,0,0,1,0
450000,2015,52000,1197,3995,1695,1555,5,42,85,6000,114,4000,1,1,1,0,1,0
409999,2015,54443,998,3600,1600,1560,5,35,67,6000,90,3500,1,1,0,0,1,0
250000,2018,25000,999,3429,1560,1541,5,28,67,5500,91,4250,2,1,1,0,1,0
590000,2014,86000,1248,3850,1695,1530,5,42,74,4000,190,2000,1,0,1,0,1,0
530000,2013,75000,1498,3999,1765,1708,5,52,89,3750,204,2000,1,0,1,0,1,0
425000,2013,96000,2179,4655,1965,1922,7,55,138,4000,320,1700,1,0,1,0,0,1
315000,2011,38091,1197,3775,1695,1510,5,45,80,5600,104,3100,1,1,1,0,1,0
275000,2013,34000,814,3495,1550,1500,5,32,55,5500,75,4000,1,1,1,0,1,0
750000,2018,75000,1498,4440,1695,1495,5,40,99,3600,200,1750,1,0,1,0,1,0
465000,2014,82000,1364,4265,1695,1510,5,45,67,3800,170,1800,1,0,1,0,1,0
1325000,2021,20000,998,3995,1790,1647,5,45,118,6000,172,1500,1,1,1,0,1,0
175000,2008,65000,1248,3995,1695,1555,5,42,74,4000,190,2000,2,0,1,0,1,0
275000,2011,65000,1248,3995,1695,1555,5,42,74,4000,190,2000,1,0,1,0,1,0
730000,2016,51834,1497,4440,1695,1495,5,40,117,6600,145,4600,2,1,1,0,1,0
1495000,2018,28000,1368,4395,1818,1640,5,60,160,5500,250,2500,1,1,0,0,1,0
1150000,2014,39000,1595,4359,2010,1557,5,50,120,5000,200,1250,2,1,0,0,1,0
590000,2015,116592,1497,4440,1695,1495,5,40,117,6600,145,4600,1,1,0,0,1,0
299000,2014,32000,1199,4249,1690,1503,5,42,85,6000,113,5000,1,1,1,0,1,0
850000,2018,85000,1248,3995,1790,1640,5,48,89,4000,200,1750,1,0,1,0,1,0
480000,2015,49000,1497,4440,1695,1495,5,40,117,6600,145,4600,1,1,1,0,1,0
345000,2016,71000,1120,3765,1660,1520,5,43,70,4000,160,1500,2,0,1,0,1,0
891000,2016,47000,1591,4270,1780,1630,5,60,122,6400,154,4850,1,1,1,0,1,0
925000,2021,48000,1462,3995,1790,1640,5,48,103,6000,138,4400,1,1,1,0,1,0
245000,2014,79000,1197,3775,1680,1620,5,43,85,6000,113,4500,2,1,1,0,1,0
275000,2014,83000,814,3495,1550,1500,5,32,55,5500,75,4000,2,1,1,0,1,0
240000,2013,73000,1196,3795,1680,1427,5,45,70,6250,102,4000,1,1,1,0,1,0
